support@1-commerce.com,1-commerce.com,invalid
support@1984.vc,1984.vc,invalid
support@8m.eu,8m.eu,invalid
support@99c.co.za,99c.co.za,invalid
support@abenex.com,abenex.com,invalid
support@absoluteinvestimentos.com.br,absoluteinvestimentos.com.br,invalid
support@accelera.tech,accelera.tech,invalid
support@accessowl.com,accessowl.com,error
support@acclinate.com,acclinate.com,invalid
support@aclarian.com,aclarian.com,invalid
support@actioneer.com,actioneer.com,invalid
support@adaptic.no,adaptic.no,invalid
support@adgeeks.ge,adgeeks.ge,invalid
support@adlabs.app,adlabs.app,invalid
support@adomos.com,adomos.com,invalid
support@adventures.is,adventures.is,invalid
support@adverteyes.ai,adverteyes.ai,invalid
support@aeroventures.com,aeroventures.com,invalid
support@agentmail.to,agentmail.to,invalid
support@agrisafe.agr.br,agrisafe.agr.br,invalid
support@ahaslides.com,ahaslides.com,invalid
support@aheadcomputing.com,aheadcomputing.com,invalid
support@aico.swiss,aico.swiss,invalid
support@airpay.co.in,airpay.co.in,invalid
support@alamah.om,alamah.om,invalid
support@aleluya.com,aleluya.com,invalid
support@allcurrent.com,allcurrent.com,invalid
support@allianceabroad.com,allianceabroad.com,invalid
support@alner.id,alner.id,invalid
support@alterdomus.com,alterdomus.com,invalid
support@altuspower.com,altuspower.com,invalid
support@ambarpartners.com,ambarpartners.com,invalid
support@amcouncil.com.au,amcouncil.com.au,invalid
support@ammp.io,ammp.io,invalid
support@amplifier.com,amplifier.com,invalid
support@amt.ai,amt.ai,invalid
support@andcapitalventures.com,andcapitalventures.com,invalid
support@ando.so,ando.so,invalid
support@aneon.at,aneon.at,invalid
support@animaj.com,animaj.com,invalid
support@anomalycapital.com,anomalycapital.com,invalid
support@antler.co,antler.co,invalid
support@apaleo.com,apaleo.com,invalid
support@aperture.london,aperture.london,invalid
support@applypass.com,applypass.com,error
support@apter.com.br,apter.com.br,invalid
support@aquion.com.au,aquion.com.au,invalid
support@arcate.io,arcate.io,invalid
support@arch2order.com,arch2order.com,invalid
support@are.na,are.na,invalid
support@aris.in,aris.in,invalid
support@arta.ch,arta.ch,invalid
support@ascendancy.co,ascendancy.co,invalid
support@asora.com,asora.com,invalid
support@assetlab.ca,assetlab.ca,invalid
support@astrologyapi.com,astrologyapi.com,invalid
support@atgfw.com,atgfw.com,invalid
support@athenium.com,athenium.com,invalid
support@atriumdata.ai,atriumdata.ai,invalid
support@audioscape.ai,audioscape.ai,invalid
support@austintechnology.com.au,austintechnology.com.au,invalid
support@avmap.it,avmap.it,invalid
support@avoma.com,avoma.com,invalid
support@axi.com,axi.com,invalid
support@axiocap.com,axiocap.com,invalid
support@b.capital,b.capital,invalid
support@b2.solutions,b2.solutions,invalid
support@bacto.bio,bacto.bio,invalid
support@badideas.fund,badideas.fund,invalid
support@bajajbroking.in,bajajbroking.in,invalid
support@banffadvisors.com,banffadvisors.com,invalid
support@base.org,base.org,invalid
support@baston.com.br,baston.com.br,invalid
support@battery.com,battery.com,invalid
support@bdex.com,bdex.com,invalid
support@bdg.io,bdg.io,invalid
support@beautech.aero,beautech.aero,invalid
support@bebakids.com,bebakids.com,invalid
support@begolden.com.pl,begolden.com.pl,invalid
support@bei-us.com,bei-us.com,invalid
support@belform.de,belform.de,invalid
support@bellwetherit.com,bellwetherit.com,invalid
support@bigenius-x.com,bigenius-x.com,invalid
support@biobureau.com.br,biobureau.com.br,invalid
support@blast.security,blast.security,invalid
support@bloomberg.com,bloomberg.com,invalid
support@bluetriangle.com,bluetriangle.com,invalid
support@bmsgroup.com.br,bmsgroup.com.br,invalid
support@bnicapital.com,bnicapital.com,invalid
support@boom.nl,boom.nl,invalid
support@brandient.com,brandient.com,invalid
support@breezy.hr,breezy.hr,invalid
support@bridgemarketplace.com,bridgemarketplace.com,invalid
support@briecomterobert.fr,briecomterobert.fr,invalid
support@brightedge.com,brightedge.com,invalid
support@brightidea.com,brightidea.com,invalid
support@brightmls.com,brightmls.com,invalid
support@bsteuern.com,bsteuern.com,invalid
support@builders.studio,builders.studio,invalid
support@buildwithtrace.com,buildwithtrace.com,invalid
support@bullit.ai,bullit.ai,invalid
support@bundledocs.com,bundledocs.com,invalid
support@c3biz.com,c3biz.com,invalid
support@cabsin.org.br,cabsin.org.br,invalid
support@caisgroup.com,caisgroup.com,invalid
support@candid.org,candid.org,invalid
support@capta.co,capta.co,invalid
support@carbonarc.ai,carbonarc.ai,invalid
support@careflowiq.com,careflowiq.com,invalid
support@caspio.com,caspio.com,invalid
support@cdsgroupe.com,cdsgroupe.com,invalid
support@cfstinson.com,cfstinson.com,invalid
support@changdobels.se,changdobels.se,invalid
support@channelkey.com,channelkey.com,invalid
support@chetto.ai,chetto.ai,invalid
support@chordian.ai,chordian.ai,invalid
support@chowdeck.com,chowdeck.com,invalid
support@chyeon.com,chyeon.com,invalid
support@circuitry.ai,circuitry.ai,invalid
support@cizgi.net,cizgi.net,invalid
support@clearesult.com,clearesult.com,invalid
support@clearpointstrategy.com,clearpointstrategy.com,invalid
support@cleartrip.com,cleartrip.com,invalid
support@cleo.com,cleo.com,invalid
support@cles.org,cles.org,invalid
support@climateactiondata.org,climateactiondata.org,invalid
support@clinicadoleite.com.br,clinicadoleite.com.br,invalid
support@clint.digital,clint.digital,invalid
support@cobratate.com,cobratate.com,invalid
support@codspeed.io,codspeed.io,error
support@collection.com.br,collection.com.br,invalid
support@companion.energy,companion.energy,invalid
support@compelling.ai,compelling.ai,invalid
support@cones.com,cones.com,invalid
support@connect-x.tech,connect-x.tech,invalid
support@contaja.com.br,contaja.com.br,invalid
support@contextqa.com,contextqa.com,invalid
support@contraktor.com.br,contraktor.com.br,invalid
support@converge.it,converge.it,invalid
support@coolshop.com,coolshop.com,invalid
support@covel.cl,covel.cl,invalid
support@cquencehealth.com,cquencehealth.com,invalid
support@credibledata.com,credibledata.com,error
support@credix.finance,credix.finance,invalid
support@crewos.io,crewos.io,error
support@crstl.ai,crstl.ai,invalid
support@crustdata.com,crustdata.com,invalid
support@csllcnow.com,csllcnow.com,invalid
support@cst.co.uk,cst.co.uk,invalid
support@cta.tech,cta.tech,invalid
support@cuemath.com,cuemath.com,invalid
support@cumbuca.com,cumbuca.com,invalid
support@curemedia.com,curemedia.com,invalid
support@curri.com,curri.com,invalid
support@cyberarmorsystems.com,cyberarmorsystems.com,invalid
support@cyberday.ai,cyberday.ai,invalid
support@cymulate.com,cymulate.com,invalid
support@daloopa.com,daloopa.com,invalid
support@dana.id,dana.id,invalid
support@daniel-ip.com,daniel-ip.com,invalid
support@danielatombini.com.br,danielatombini.com.br,invalid
support@dashbo.io,dashbo.io,invalid
support@data-axle.com,data-axle.com,invalid
support@datahub.com,datahub.com,invalid
support@datalastic.com,datalastic.com,invalid
support@datapolicy.co,datapolicy.co,invalid
support@dcm-inc.com,dcm-inc.com,invalid
support@dealground.com,dealground.com,invalid
support@deconcern.nl,deconcern.nl,invalid
support@deducta.ai,deducta.ai,invalid
support@deltaforge.tech,deltaforge.tech,invalid
support@demola.net,demola.net,invalid
support@devcycle.com,devcycle.com,invalid
support@devolens.com,devolens.com,invalid
support@dfactory.pro,dfactory.pro,invalid
support@dhtech.com,dhtech.com,invalid
support@digital-masters.de,digital-masters.de,invalid
support@digitalsurge.com.au,digitalsurge.com.au,invalid
support@digoo-it.com,digoo-it.com,invalid
support@dimuto.io,dimuto.io,invalid
support@dispatchit.com,dispatchit.com,invalid
support@dma-group.co.uk,dma-group.co.uk,invalid
support@dnsolutions.com,dnsolutions.com,invalid
support@dobbyads.com,dobbyads.com,invalid
support@dokaa.app,dokaa.app,invalid
support@doktormartin.sk,doktormartin.sk,invalid
support@doktorsitesi.com,doktorsitesi.com,invalid
support@drakerep.com,drakerep.com,invalid
support@drmgroup.com,drmgroup.com,invalid
support@drome.com.br,drome.com.br,invalid
support@dronus.com,dronus.com,invalid
support@dropi.co,dropi.co,invalid
support@dutchvalleyfoods.com,dutchvalleyfoods.com,invalid
support@dutyfreedynamics.com,dutyfreedynamics.com,invalid
support@e-cruce.com,e-cruce.com,invalid
support@e-gineering.com,e-gineering.com,invalid
support@easesolutions.com,easesolutions.com,invalid
support@ebhoom.com,ebhoom.com,invalid
support@ebu.ch,ebu.ch,invalid
support@effectix.com,effectix.com,invalid
support@efuneral.com,efuneral.com,invalid
support@elkat.no,elkat.no,invalid
support@embankment.com,embankment.com,invalid
support@emerge-tech.io,emerge-tech.io,invalid
support@empowerbh.com,empowerbh.com,invalid
support@enapter.com,enapter.com,invalid
support@encoda.com,encoda.com,invalid
support@encompassonsite.com,encompassonsite.com,invalid
support@enercity.de,enercity.de,invalid
support@energyaspects.com,energyaspects.com,invalid
support@enlyft.com,enlyft.com,invalid
support@enpass.io,enpass.io,invalid
support@eodhd.com,eodhd.com,invalid
support@epam.com,epam.com,invalid
support@epcvip.com,epcvip.com,invalid
support@escape.tech,escape.tech,invalid
support@esim.com.br,esim.com.br,invalid
support@espm.br,espm.br,invalid
support@estoko.com,estoko.com,invalid
support@esub.com,esub.com,invalid
support@esw.com,esw.com,invalid
support@evcomechanical.com,evcomechanical.com,invalid
support@eveoy.com,eveoy.com,invalid
support@evernote.com,evernote.com,invalid
support@evertrace.ai,evertrace.ai,invalid
support@evoluaenergia.com.br,evoluaenergia.com.br,invalid
support@evolve-partners.com,evolve-partners.com,invalid
support@expertpartners.com,expertpartners.com,invalid
support@ezeep.com,ezeep.com,invalid
support@ezekia.com,ezekia.com,invalid
support@facilio.com,facilio.com,invalid
support@familux.com,familux.com,invalid
support@fastbridgefiber.com,fastbridgefiber.com,invalid
support@fastweigh.com,fastweigh.com,invalid
support@feedspace.io,feedspace.io,invalid
support@fiber.ai,fiber.ai,error
support@finalto.com,finalto.com,invalid
support@firstlight.farm,firstlight.farm,invalid
support@floorspace.ca,floorspace.ca,invalid
support@floqer.com,floqer.com,invalid
support@flotiq.com,flotiq.com,invalid
support@flowrms.com,flowrms.com,invalid
support@fluss.io,fluss.io,invalid
support@foodello.com,foodello.com,invalid
support@foresight.ai,foresight.ai,invalid
support@formedideas.com,formedideas.com,invalid
support@forte.co.nz,forte.co.nz,invalid
support@founderplus.id,founderplus.id,invalid
support@fourthwall.tv,fourthwall.tv,invalid
support@fpre.ch,fpre.ch,invalid
support@frambemanning.se,frambemanning.se,invalid
support@frame.io,frame.io,invalid
support@frictionlessit.net,frictionlessit.net,invalid
support@frontguys.fr,frontguys.fr,invalid
support@frontierdirect.com,frontierdirect.com,invalid
support@fulfyld.com,fulfyld.com,invalid
support@fyma.ai,fyma.ai,invalid
support@gabriel.sk,gabriel.sk,invalid
support@gaiasuite.com,gaiasuite.com,invalid
support@gcit.com.au,gcit.com.au,invalid
support@gdenergyproducts.com,gdenergyproducts.com,invalid
support@gdicwins.com,gdicwins.com,invalid
support@genei.es,genei.es,invalid
support@genzdealz.ai,genzdealz.ai,invalid
support@geopoll.com,geopoll.com,invalid
support@getaptly.com,getaptly.com,invalid
support@getdeck.io,getdeck.io,invalid
support@getmontecarlo.com,getmontecarlo.com,invalid
support@getresponse.com,getresponse.com,invalid
support@giatecscientific.com,giatecscientific.com,invalid
support@gigantic.pt,gigantic.pt,invalid
support@gigworx.com,gigworx.com,invalid
support@globaldata.com,globaldata.com,invalid
support@globaldatabase.com,globaldatabase.com,invalid
support@globalmacit.com,globalmacit.com,invalid
support@gns-cpas.com,gns-cpas.com,invalid
support@go1.com,go1.com,invalid
support@goalfy.com.br,goalfy.com.br,invalid
support@gohubsteel.com,gohubsteel.com,invalid
support@goldwasserexchange.be,goldwasserexchange.be,invalid
support@gpbullhound.com,gpbullhound.com,invalid
support@grapelaw.com,grapelaw.com,invalid
support@greenbridge.ai,greenbridge.ai,invalid
support@greenhawk.co.nz,greenhawk.co.nz,invalid
support@greenstreet.com,greenstreet.com,invalid
support@groupesignalisation.ca,groupesignalisation.ca,invalid
support@grove.co,grove.co,invalid
support@growhouse.co,growhouse.co,invalid
support@growthfactor.ai,growthfactor.ai,invalid
support@growthkitchen.co,growthkitchen.co,invalid
support@grupoamericainterior.com.ar,grupoamericainterior.com.ar,invalid
support@grupodecio.com.br,grupodecio.com.br,invalid
support@grydd.com,grydd.com,invalid
support@gtlaw.com.au,gtlaw.com.au,invalid
support@gudeco.de,gudeco.de,invalid
support@hacktron.ai,hacktron.ai,invalid
support@halfmoonempanadas.com,halfmoonempanadas.com,invalid
support@handelsblatt.com,handelsblatt.com,invalid
support@handwrytten.com,handwrytten.com,invalid
support@headlight.co,headlight.co,invalid
support@helmer.app,helmer.app,error
support@heron-intelligence.com,heron-intelligence.com,invalid
support@hex.inc,hex.inc,invalid
support@heybloome.com,heybloome.com,invalid
support@heynox.com,heynox.com,invalid
support@hfsresearch.com,hfsresearch.com,invalid
support@higgsfield.ai,higgsfield.ai,invalid
support@himalayas.app,himalayas.app,invalid
support@hoicko.ai,hoicko.ai,invalid
support@holdprint.net,holdprint.net,invalid
support@holland1916.com,holland1916.com,invalid
support@homerunner.com,homerunner.com,invalid
support@hortitec.es,hortitec.es,invalid
support@hostingb2b.com,hostingb2b.com,invalid
support@hotstuff.trade,hotstuff.trade,invalid
support@houseamp.com,houseamp.com,invalid
support@howz.com,howz.com,invalid
support@hrsubsidies.nl,hrsubsidies.nl,invalid
support@hsa.org.ua,hsa.org.ua,invalid
support@hubpay.io,hubpay.io,invalid
support@hubspot.com,hubspot.com,invalid
support@hundredx.com,hundredx.com,invalid
support@hunguesthotels.hu,hunguesthotels.hu,invalid
support@i-glocal.com,i-glocal.com,invalid
support@iansresearch.com,iansresearch.com,invalid
support@iasaglobal.org,iasaglobal.org,invalid
support@idadns.com,idadns.com,invalid
support@idc.com,idc.com,invalid
support@idealo.com,idealo.com,invalid
support@ifthen.com,ifthen.com,invalid
support@iggnita.com,iggnita.com,invalid
support@ignisplanning.com,ignisplanning.com,invalid
support@ihrdc.com,ihrdc.com,invalid
support@illumex.ai,illumex.ai,invalid
support@ilogs.systems,ilogs.systems,invalid
support@immocloud.de,immocloud.de,invalid
support@imperium.uk,imperium.uk,invalid
support@incapto.com,incapto.com,invalid
support@incorpro.ie,incorpro.ie,invalid
support@inderes.com,inderes.com,invalid
support@infakt.pl,infakt.pl,invalid
support@inflearn.com,inflearn.com,invalid
support@infloso.ai,infloso.ai,invalid
support@influx.com,influx.com,invalid
support@infolegale.fr,infolegale.fr,invalid
support@infrasure.ai,infrasure.ai,invalid
support@inistate.com,inistate.com,invalid
support@inki.tech,inki.tech,invalid
support@innovecs.com,innovecs.com,invalid
support@insiderone.com,insiderone.com,invalid
support@insource.co.jp,insource.co.jp,invalid
support@insportline.cz,insportline.cz,invalid
support@intacct.com,intacct.com,invalid
support@interceptgroup.com,interceptgroup.com,invalid
support@interdiscount.ch,interdiscount.ch,invalid
support@interfacefinancial.com,interfacefinancial.com,invalid
support@interlockgtm.com,interlockgtm.com,invalid
support@intuswindows.com,intuswindows.com,invalid
support@ipolish.fashion,ipolish.fashion,invalid
support@jahypotheques.ca,jahypotheques.ca,invalid
support@jasper.ai,jasper.ai,invalid
support@jobphoning.com,jobphoning.com,invalid
support@jobspikr.com,jobspikr.com,invalid
support@jordigarcia.es,jordigarcia.es,invalid
support@jplug.io,jplug.io,invalid
support@july.com,july.com,invalid
support@kameobikes.com,kameobikes.com,invalid
support@katanamrp.com,katanamrp.com,invalid
support@kertos.io,kertos.io,invalid
support@khatoco.com,khatoco.com,invalid
support@kiingo.com,kiingo.com,invalid
support@kilde.sg,kilde.sg,invalid
support@kissterra.com,kissterra.com,invalid
support@kitabh.com,kitabh.com,invalid
support@klarytee.com,klarytee.com,invalid
support@klealegal.com,klealegal.com,invalid
support@kleer.se,kleer.se,invalid
support@klubi.com.br,klubi.com.br,invalid
support@knight-solutions.com,knight-solutions.com,invalid
support@kobana.com.br,kobana.com.br,invalid
support@kobbr.com,kobbr.com,invalid
support@korefocus.ai,korefocus.ai,invalid
support@kotlinlang.org,kotlinlang.org,invalid
support@kourawealth.co.nz,kourawealth.co.nz,invalid
support@kredfeed.com,kredfeed.com,invalid
support@kruncher.ai,kruncher.ai,invalid
support@kscope.io,kscope.io,invalid
support@lade.de,lade.de,invalid
support@laferla.com.mt,laferla.com.mt,invalid
support@landapp.com.br,landapp.com.br,invalid
support@lansweeper.com,lansweeper.com,invalid
support@lawcyborg.com,lawcyborg.com,invalid
support@lawvu.com,lawvu.com,invalid
support@leadrat.com,leadrat.com,invalid
support@leanrs.com,leanrs.com,invalid
support@ledsone.co.uk,ledsone.co.uk,invalid
support@leftbrain.io,leftbrain.io,invalid
support@legroupenova.com,legroupenova.com,invalid
support@lendingspot.net,lendingspot.net,invalid
support@levels.fyi,levels.fyi,invalid
support@levelupgroup.nl,levelupgroup.nl,invalid
support@levno.com,levno.com,invalid
support@lhdottie.com,lhdottie.com,invalid
support@limbomusic.com,limbomusic.com,invalid
support@limelife.com,limelife.com,invalid
support@link37.org,link37.org,invalid
support@lions.co,lions.co,invalid
support@listalpha.com,listalpha.com,invalid
support@liveplan.com,liveplan.com,invalid
support@liveseo.com.br,liveseo.com.br,invalid
support@llexeter.co.uk,llexeter.co.uk,invalid
support@loadshare.net,loadshare.net,invalid
support@locates.com.br,locates.com.br,error
support@logcomex.ai,logcomex.ai,invalid
support@loopboard.io,loopboard.io,invalid
support@losant.com,losant.com,invalid
support@lotto-niedersachsen.de,lotto-niedersachsen.de,invalid
support@lovepopcards.com,lovepopcards.com,invalid
support@ls2.io,ls2.io,invalid
support@lst.team,lst.team,invalid
support@lulifama.com,lulifama.com,invalid
support@luxresearchinc.com,luxresearchinc.com,invalid
support@madelevator.com,madelevator.com,invalid
support@madisonai.com,madisonai.com,invalid
support@maestrolabs.com,maestrolabs.com,invalid
support@magazord.com.br,magazord.com.br,invalid
support@magpieiq.com,magpieiq.com,invalid
support@mailerfind.com,mailerfind.com,invalid
support@mailersend.com,mailersend.com,error
support@mailkit.com,mailkit.com,invalid
support@mailsuite.com,mailsuite.com,invalid
support@mainframe.app,mainframe.app,invalid
support@majans.com,majans.com,invalid
support@malou.io,malou.io,invalid
support@manus.im,manus.im,invalid
support@marketlogicsoftware.com,marketlogicsoftware.com,invalid
support@marketproof.com,marketproof.com,invalid
support@maxhealth.tech,maxhealth.tech,invalid
support@maya-pci.com,maya-pci.com,invalid
support@mcleodsoftware.com,mcleodsoftware.com,invalid
support@mclogs.com,mclogs.com,invalid
support@mdgsolutions.com,mdgsolutions.com,invalid
support@me-qr.com,me-qr.com,invalid
support@mediamath.com,mediamath.com,invalid
support@meetsquad.ai,meetsquad.ai,error
support@memberspot.de,memberspot.de,invalid
support@memories.ai,memories.ai,invalid
support@mendo.cloud,mendo.cloud,invalid
support@merchtable.com,merchtable.com,invalid
support@metergrid.de,metergrid.de,error
support@micador.com.au,micador.com.au,invalid
support@mikfs.com,mikfs.com,invalid
support@milemaker.com,milemaker.com,invalid
support@minicrm.hu,minicrm.hu,invalid
support@minicrm.ro,minicrm.ro,invalid
support@mitsiomotu.com,mitsiomotu.com,invalid
support@mittwald.de,mittwald.de,invalid
support@modoenergy.com,modoenergy.com,invalid
support@modrek.ai,modrek.ai,invalid
support@momentumamp.com,momentumamp.com,invalid
support@monest.com.br,monest.com.br,invalid
support@montai.com,montai.com,invalid
support@morepaymentevolution.com,morepaymentevolution.com,invalid
support@morganastudios.com,morganastudios.com,invalid
support@morgans.com.au,morgans.com.au,invalid
support@morningstar.com,morningstar.com,invalid
support@msci.com,msci.com,invalid
support@mtc.co.uk,mtc.co.uk,invalid
support@mycma.com,mycma.com,invalid
support@myn.co.uk,myn.co.uk,invalid
support@mypureinsights.com,mypureinsights.com,invalid
support@myvert.com,myvert.com,invalid
support@namauu.com,namauu.com,invalid
support@natura.io,natura.io,invalid
support@nautipark.com,nautipark.com,invalid
support@netrefer.com,netrefer.com,invalid
support@nevados.solar,nevados.solar,invalid
support@nevent.ai,nevent.ai,invalid
support@newprojectmedia.com,newprojectmedia.com,invalid
support@newsleopard.com,newsleopard.com,invalid
support@nextmotion.net,nextmotion.net,invalid
support@nexyo.io,nexyo.io,invalid
support@niftypm.com,niftypm.com,invalid
support@nocfo.io,nocfo.io,invalid
support@northwestregisteredagent.com,northwestregisteredagent.com,invalid
support@notion.com,notion.com,invalid
support@novatech.com.ar,novatech.com.ar,invalid
support@noviams.com,noviams.com,invalid
support@novoplan.com.au,novoplan.com.au,invalid
support@nueveonce.com,nueveonce.com,invalid
support@nvoip.com.br,nvoip.com.br,invalid
support@octorate.com,octorate.com,invalid
support@ohiolegalhelp.org,ohiolegalhelp.org,invalid
support@omnicasa.com,omnicasa.com,invalid
support@one.bio,one.bio,invalid
support@oneclickads.com.br,oneclickads.com.br,invalid
support@onenewone.com,onenewone.com,invalid
support@onlc.com,onlc.com,invalid
support@onyxplatform.com,onyxplatform.com,invalid
support@open.money,open.money,invalid
support@openagenda.com,openagenda.com,invalid
support@openfunnel.dev,openfunnel.dev,error
support@opoint.com,opoint.com,invalid
support@optimizedpayments.com,optimizedpayments.com,invalid
support@optimizely.com,optimizely.com,invalid
support@orbitfin.ai,orbitfin.ai,invalid
support@osaas.io,osaas.io,invalid
support@otocrm.com.br,otocrm.com.br,invalid
support@ottofrei.com,ottofrei.com,invalid
support@ovrsea.com,ovrsea.com,invalid
support@oxit.com,oxit.com,invalid
support@pacelabs.com,pacelabs.com,invalid
support@pai.com,pai.com,invalid
support@pargesoft.com,pargesoft.com,invalid
support@particl.com,particl.com,invalid
support@partouche.com,partouche.com,invalid
support@passcreator.com,passcreator.com,invalid
support@patentfield.com,patentfield.com,error
support@patentmaker.eu,patentmaker.eu,invalid
support@pateo.com.cn,pateo.com.cn,invalid
support@patiobatel.com.br,patiobatel.com.br,invalid
support@patitasco.com,patitasco.com,invalid
support@paubox.com,paubox.com,invalid
support@paytrail.com,paytrail.com,invalid
support@pearl.com,pearl.com,invalid
support@pearldiver.io,pearldiver.io,invalid
support@peq.ai,peq.ai,invalid
support@perfai.ai,perfai.ai,invalid
support@photoroom.com,photoroom.com,invalid
support@picadeli.com,picadeli.com,invalid
support@pickndropnepal.com,pickndropnepal.com,invalid
support@pinto.com.ec,pinto.com.ec,invalid
support@playsuper.ai,playsuper.ai,invalid
support@point-topic.com,point-topic.com,invalid
support@portao3.com.br,portao3.com.br,invalid
support@powersupportpartners.com,powersupportpartners.com,invalid
support@predictiveindex.com,predictiveindex.com,invalid
support@premium-sa.com,premium-sa.com,invalid
support@prepared.app,prepared.app,invalid
support@preppr.ai,preppr.ai,invalid
support@pricetime.co,pricetime.co,invalid
support@print.com,print.com,invalid
support@prismatic.io,prismatic.io,invalid
support@prizm-energy.com,prizm-energy.com,invalid
support@proemion.com,proemion.com,invalid
support@prohotel-edv.de,prohotel-edv.de,invalid
support@projectcor.com,projectcor.com,invalid
support@proluno.com.br,proluno.com.br,invalid
support@prontohq.com,prontohq.com,invalid
support@prontopago.com.ar,prontopago.com.ar,invalid
support@proresources.com,proresources.com,invalid
support@prosvita.net,prosvita.net,invalid
support@protegrity.com,protegrity.com,invalid
support@pucara.io,pucara.io,invalid
support@pursuit.amsterdam,pursuit.amsterdam,error
support@pushnami.com,pushnami.com,invalid
support@qencode.com,qencode.com,error
support@quartile.com,quartile.com,invalid
support@quid.com,quid.com,invalid
support@quiverquant.com,quiverquant.com,invalid
support@quradata.com,quradata.com,invalid
support@racap.com,racap.com,invalid
support@rayyan.ai,rayyan.ai,invalid
support@realfinity.io,realfinity.io,invalid
support@realtimelca.com,realtimelca.com,invalid
support@rebike.com,rebike.com,invalid
support@recruitwithatlas.com,recruitwithatlas.com,invalid
support@redbuttonedu.cz,redbuttonedu.cz,invalid
support@reeporter.ai,reeporter.ai,invalid
support@reg-genome.com,reg-genome.com,invalid
support@responsive.dk,responsive.dk,invalid
support@revalu.io,revalu.io,invalid
support@revido.co,revido.co,invalid
support@revspire.io,revspire.io,invalid
support@rhombus.com,rhombus.com,invalid
support@roundhr.com,roundhr.com,invalid
support@rubix.nz,rubix.nz,invalid
support@saara.io,saara.io,invalid
support@saasify.ai,saasify.ai,invalid
support@sabre.com,sabre.com,invalid
support@sacavalcante.com.br,sacavalcante.com.br,invalid
support@sadagaat-usa.org,sadagaat-usa.org,invalid
support@sagareus.com,sagareus.com,invalid
support@saidot.ai,saidot.ai,invalid
support@sales-mind.ai,sales-mind.ai,invalid
support@savecall.de,savecall.de,invalid
support@scripe.io,scripe.io,invalid
support@scriptsave.com,scriptsave.com,invalid
support@scvsoft.com,scvsoft.com,invalid
support@seamless.ai,seamless.ai,invalid
support@seismic.com,seismic.com,invalid
support@sellerx.com,sellerx.com,invalid
support@semactic.com,semactic.com,invalid
support@semway.no,semway.no,invalid
support@sensolus.com,sensolus.com,invalid
support@sentinelrisk.ie,sentinelrisk.ie,invalid
support@sesametime.com,sesametime.com,invalid
support@seven.io,seven.io,invalid
support@shipsaving.com,shipsaving.com,error
support@shirtee.cloud,shirtee.cloud,invalid
support@shorta.com,shorta.com,invalid
support@sierra-dc.com,sierra-dc.com,invalid
support@sigma.software,sigma.software,invalid
support@silveiro.com.br,silveiro.com.br,invalid
support@sitebrunch.com,sitebrunch.com,invalid
support@siteimprove.com,siteimprove.com,invalid
support@sitewise.com,sitewise.com,invalid
support@skillberg.app,skillberg.app,invalid
support@skiltecentret.dk,skiltecentret.dk,invalid
support@skinnovation.com,skinnovation.com,invalid
support@sloan.org,sloan.org,invalid
support@smartbreeder.com.br,smartbreeder.com.br,invalid
support@sns.id,sns.id,invalid
support@socialchamp.com,socialchamp.com,invalid
support@socialpilot.co,socialpilot.co,invalid
support@solarfame.com,solarfame.com,invalid
support@sosovalue.com,sosovalue.com,invalid
support@soundcharts.com,soundcharts.com,invalid
support@sourcecodecap.com,sourcecodecap.com,invalid
support@southparkcommons.com,southparkcommons.com,invalid
support@soyio.id,soyio.id,invalid
support@spacegoats.io,spacegoats.io,invalid
support@spaceship.com,spaceship.com,invalid
support@spaik.io,spaik.io,invalid
support@sparkel.ai,sparkel.ai,invalid
support@spectral.hu,spectral.hu,invalid
support@speeding-rocket.com,speeding-rocket.com,invalid
support@speero.com,speero.com,invalid
support@spike.digital,spike.digital,invalid
support@spott.io,spott.io,invalid
support@springthrough.com,springthrough.com,invalid
support@spycraft.co,spycraft.co,invalid
support@squaredup.com,squaredup.com,invalid
support@stablewood.com,stablewood.com,invalid
support@stackadapt.com,stackadapt.com,invalid
support@staer.ai,staer.ai,invalid
support@steep.app,steep.app,invalid
support@stena.com,stena.com,invalid
support@stilta.com,stilta.com,invalid
support@stormrecruit.com,stormrecruit.com,invalid
support@strandae.com,strandae.com,invalid
support@subway.com,subway.com,invalid
support@supernewsroom.ai,supernewsroom.ai,invalid
support@superoffice.com,superoffice.com,invalid
support@supertruth.ai,supertruth.ai,invalid
support@supplybrain.ai,supplybrain.ai,invalid
support@svi.edu.au,svi.edu.au,invalid
support@switch-soft.com,switch-soft.com,invalid
support@swrecovery.com,swrecovery.com,invalid
support@symmetre.com,symmetre.com,invalid
support@synatic.com,synatic.com,invalid
support@synply.io,synply.io,invalid
support@syrto.ai,syrto.ai,invalid
support@syspos.ae,syspos.ae,invalid
support@talkspirit.com,talkspirit.com,invalid
support@talproindia.com,talproindia.com,invalid
support@tavanbogd.com,tavanbogd.com,invalid
support@tavily.com,tavily.com,invalid
support@tbobank.com,tbobank.com,invalid
support@tcgfactory.com,tcgfactory.com,invalid
support@teamcentral.ai,teamcentral.ai,invalid
support@teapot.sk,teapot.sk,invalid
support@techmakers.it,techmakers.it,invalid
support@tecro.dev,tecro.dev,invalid
support@tekkare.com,tekkare.com,invalid
support@terranova.inc,terranova.inc,invalid
support@tesote.com,tesote.com,invalid
support@testdino.com,testdino.com,invalid
support@testnovalabs.com,testnovalabs.com,invalid
support@theboavidagroup.com,theboavidagroup.com,invalid
support@thelayer.com,thelayer.com,invalid
support@thelocopolo.com,thelocopolo.com,invalid
support@thepilot.in,thepilot.in,invalid
support@thetoweldepot.com,thetoweldepot.com,invalid
support@thimble.com,thimble.com,invalid
support@thinksurance.de,thinksurance.de,invalid
support@thrad.ai,thrad.ai,invalid
support@tidewatercap.com,tidewatercap.com,invalid
support@tigerofsweden.com,tigerofsweden.com,invalid
support@timesheet.io,timesheet.io,invalid
support@timoneilassociates.com,timoneilassociates.com,invalid
support@tipranks.com,tipranks.com,invalid
support@tiro.ooo,tiro.ooo,invalid
support@titles.xyz,titles.xyz,invalid
support@tnpgroup.co,tnpgroup.co,invalid
support@tokenterminal.com,tokenterminal.com,invalid
support@toss.im,toss.im,invalid
support@tradier.com,tradier.com,invalid
support@tramasmas.com,tramasmas.com,invalid
support@transkriptor.com,transkriptor.com,invalid
support@transmark.ee,transmark.ee,invalid
support@travanto.de,travanto.de,invalid
support@treasury4.com,treasury4.com,invalid
support@trent.ai,trent.ai,invalid
support@trepp.com,trepp.com,invalid
support@tribecrm.nl,tribecrm.nl,invalid
support@tricera.energy,tricera.energy,invalid
support@tripclap.com,tripclap.com,invalid
support@tromml.com,tromml.com,invalid
support@truckstop.com,truckstop.com,invalid
support@tryfuse.ai,tryfuse.ai,invalid
support@tuggerapp.com,tuggerapp.com,invalid
support@tweakwise.com,tweakwise.com,invalid
support@ukpropertyaccountants.co.uk,ukpropertyaccountants.co.uk,invalid
support@ultipa.com,ultipa.com,invalid
support@unei.com,unei.com,invalid
support@unifiqueinvest.com.br,unifiqueinvest.com.br,invalid
support@unify-technologies.com,unify-technologies.com,invalid
support@unipiazza.it,unipiazza.it,invalid
support@unitic.co,unitic.co,invalid
support@unosecur.com,unosecur.com,error
support@upgraide.ai,upgraide.ai,invalid
support@upsun.com,upsun.com,invalid
support@usaequipmentdirect.com,usaequipmentdirect.com,invalid
support@userbrain.com,userbrain.com,invalid
support@usesendcore.com,usesendcore.com,invalid
support@usesynth.ai,usesynth.ai,error
support@usewheelhouse.com,usewheelhouse.com,invalid
support@ustwo.com,ustwo.com,invalid
support@vacationtracker.io,vacationtracker.io,invalid
support@validis.com,validis.com,invalid
support@vanaways.co.uk,vanaways.co.uk,invalid
support@vantage.sh,vantage.sh,error
support@varolio.io,varolio.io,invalid
support@versi.com.br,versi.com.br,invalid
support@verzel.com.br,verzel.com.br,invalid
support@violetlabs.com,violetlabs.com,error
support@viscosoft.com,viscosoft.com,invalid
support@visitiq.io,visitiq.io,invalid
support@vmv.group,vmv.group,invalid
support@vocci.ai,vocci.ai,invalid
support@voluum.com,voluum.com,invalid
support@vondera.app,vondera.app,invalid
support@vyrian.com,vyrian.com,invalid
support@wallector.com,wallector.com,invalid
support@web.de,web.de,invalid
support@weblisters.com,weblisters.com,invalid
support@webucator.com,webucator.com,invalid
support@wecapital.com.br,wecapital.com.br,invalid
support@wellsite.com,wellsite.com,invalid
support@wewood.eu,wewood.eu,invalid
support@whaller.com,whaller.com,invalid
support@wheelocity.com,wheelocity.com,invalid
support@wicom.asia,wicom.asia,invalid
support@wikifarmer.com,wikifarmer.com,invalid
support@wiza.co,wiza.co,invalid
support@woowup.com,woowup.com,invalid
support@workerbee.ai,workerbee.ai,invalid
support@workflowmax.com,workflowmax.com,invalid
support@workiro.com,workiro.com,invalid
support@workshops.de,workshops.de,invalid
support@worksmobile.com,worksmobile.com,invalid
support@worldsys.io,worldsys.io,invalid
support@wovenmedia.com,wovenmedia.com,invalid
support@wrld.tech,wrld.tech,invalid
support@wtax.co,wtax.co,invalid
support@xellux.com,xellux.com,invalid
support@yocabe.com,yocabe.com,invalid
support@ypulse.com,ypulse.com,invalid
support@yuzedata.com,yuzedata.com,invalid
support@zamilac.com,zamilac.com,invalid
support@zapsign.co,zapsign.co,invalid
support@zautre.com,zautre.com,invalid
support@zentronlabs.com,zentronlabs.com,invalid
support@zeroe.io,zeroe.io,invalid
support@zerohiring.com,zerohiring.com,invalid
support@zillow.com,zillow.com,invalid
support@zyft.com,zyft.com,invalid
