support@1000ps.at,1000ps.at,verified
support@100hires.com,100hires.com,verified
support@1fit.app,1fit.app,verified
support@1up.ai,1up.ai,verified
support@2cloudnine.com,2cloudnine.com,verified
support@30x.com,30x.com,verified
support@3doptix.com,3doptix.com,verified
support@3i.ai,3i.ai,verified
support@4degrees.ai,4degrees.ai,verified
support@58pic.com,58pic.com,verified
support@a-leads.co,a-leads.co,verified
support@aajil.sa,aajil.sa,verified
support@abacum.ai,abacum.ai,verified
support@abatable.com,abatable.com,verified
support@abclegal.com,abclegal.com,verified
support@abda.ai,abda.ai,verified
support@abill.io,abill.io,verified
support@abundolive.se,abundolive.se,verified
support@academypl.us,academypl.us,verified
support@acctual.com,acctual.com,verified
support@aceworks.ai,aceworks.ai,verified
support@act.security,act.security,verified
support@actirise.com,actirise.com,verified
support@adalo.com,adalo.com,verified
support@addcomposites.com,addcomposites.com,verified
support@adenasoft.com,adenasoft.com,verified
support@admanage.ai,admanage.ai,verified
support@admiral.digital,admiral.digital,verified
support@adntro.com,adntro.com,verified
support@adologyai.com,adologyai.com,verified
support@adomik.com,adomik.com,verified
support@adopt.ai,adopt.ai,verified
support@adp.com,adp.com,verified
support@adplenty.io,adplenty.io,verified
support@adplist.org,adplist.org,verified
support@adscale.com,adscale.com,verified
support@adthena.com,adthena.com,verified
support@advally.com,advally.com,verified
support@adzen.ai,adzen.ai,verified
support@affinity.co,affinity.co,verified
support@affise.com,affise.com,verified
support@agency.inc,agency.inc,verified
support@agent.ai,agent.ai,verified
support@agenticflow.ai,agenticflow.ai,verified
support@agentphone.ai,agentphone.ai,verified
support@agicap.com,agicap.com,verified
support@agrexai.com,agrexai.com,verified
support@aibox.ai,aibox.ai,verified
support@aimfox.com,aimfox.com,verified
support@aimtell.com,aimtell.com,verified
support@airbridge.io,airbridge.io,verified
support@airframe.ai,airframe.ai,verified
support@airmason.com,airmason.com,verified
support@airsaas.io,airsaas.io,verified
support@airtable.com,airtable.com,verified
support@aiseo.ai,aiseo.ai,verified
support@aivideo.com,aivideo.com,verified
support@akamai.com,akamai.com,verified
support@akiflow.com,akiflow.com,verified
support@alchemy.com,alchemy.com,verified
support@alegra.com,alegra.com,verified
support@alex.com,alex.com,verified
support@algoed.co,algoed.co,verified
support@algolia.com,algolia.com,verified
support@algominds.ai,algominds.ai,verified
support@allaboard.eu,allaboard.eu,verified
support@allbridge.io,allbridge.io,verified
support@allears.ai,allears.ai,verified
support@allegrow.co,allegrow.co,verified
support@allocate.co,allocate.co,verified
support@alloy.app,alloy.app,verified
support@allphins.com,allphins.com,verified
support@allsolutions.nl,allsolutions.nl,verified
support@allunite.com,allunite.com,verified
support@alma.food,alma.food,verified
support@alphacast.io,alphacast.io,verified
support@alphavantage.co,alphavantage.co,verified
support@alpic.ai,alpic.ai,verified
support@altertable.ai,altertable.ai,verified
support@altfndata.com,altfndata.com,verified
support@altura.io,altura.io,verified
support@amalgamrx.com,amalgamrx.com,verified
support@amass.tech,amass.tech,verified
support@ambition.com,ambition.com,verified
support@amityage.com,amityage.com,verified
support@amove.io,amove.io,verified
support@amp.ai,amp.ai,verified
support@amperity.com,amperity.com,verified
support@amplitude.com,amplitude.com,verified
support@anakin.io,anakin.io,verified
support@and.com,and.com,verified
support@announcekit.app,announcekit.app,verified
support@antbuddy.com,antbuddy.com,verified
support@antimetal.com,antimetal.com,verified
support@apanshin.ru,apanshin.ru,verified
support@aparti.ai,aparti.ai,verified
support@apicbase.com,apicbase.com,verified
support@apify.com,apify.com,verified
support@apono.io,apono.io,verified
support@appbooster.com,appbooster.com,verified
support@appcues.com,appcues.com,verified
support@appflow.ai,appflow.ai,verified
support@appfolio.com,appfolio.com,verified
support@appworkco.com,appworkco.com,verified
support@aption.com,aption.com,verified
support@apu.edu,apu.edu,verified
support@aqmen.ai,aqmen.ai,verified
support@arcade.software,arcade.software,verified
support@arcads.ai,arcads.ai,verified
support@archera.ai,archera.ai,verified
support@archilogic.com,archilogic.com,verified
support@arcwise.app,arcwise.app,verified
support@ardoq.com,ardoq.com,verified
support@aries.com,aries.com,verified
support@arkoselabs.com,arkoselabs.com,verified
support@armature.tech,armature.tech,verified
support@aroya.io,aroya.io,verified
support@artblocks.io,artblocks.io,verified
support@artemis.ai,artemis.ai,verified
support@arternal.com,arternal.com,verified
support@articulate.com,articulate.com,verified
support@asana.com,asana.com,verified
support@ashbyhq.com,ashbyhq.com,verified
support@askable.com,askable.com,verified
support@askattest.com,askattest.com,verified
support@askturing.ai,askturing.ai,verified
support@asmallstudio.com,asmallstudio.com,verified
support@assembly.com,assembly.com,verified
support@asteroid.ai,asteroid.ai,verified
support@atlan.com,atlan.com,verified
support@atlaspeople.io,atlaspeople.io,verified
support@atlasx.co,atlasx.co,verified
support@atom.com,atom.com,verified
support@atomic.supply,atomic.supply,verified
support@atominvest.co,atominvest.co,verified
support@attio.com,attio.com,verified
support@attributionapp.com,attributionapp.com,verified
support@aurelian.com,aurelian.com,verified
support@autocio.com,autocio.com,verified
support@autods.com,autods.com,verified
support@avertro.com,avertro.com,verified
support@avo.app,avo.app,verified
support@axify.io,axify.io,verified
support@axiom.co,axiom.co,verified
support@azion.com,azion.com,verified
support@b4a.ai,b4a.ai,verified
support@babbl-labs.com,babbl-labs.com,verified
support@babyjourney.se,babyjourney.se,verified
support@backstory.ai,backstory.ai,verified
support@backyardbrains.com,backyardbrains.com,verified
support@badgermapping.com,badgermapping.com,verified
support@base39.com.br,base39.com.br,verified
support@basicops.com,basicops.com,verified
support@batchdata.com,batchdata.com,verified
support@baxtel.com,baxtel.com,verified
support@bazze.io,bazze.io,verified
support@bdtax.com.bd,bdtax.com.bd,verified
support@beachbossinfluencers.com,beachbossinfluencers.com,verified
support@beaufort12.com,beaufort12.com,verified
support@bedthreads.com.au,bedthreads.com.au,verified
support@beemdata.com,beemdata.com,verified
support@benchmarkminerals.com,benchmarkminerals.com,verified
support@besample.app,besample.app,verified
support@betterbugs.io,betterbugs.io,verified
support@betterleap.com,betterleap.com,verified
support@betterstack.com,betterstack.com,verified
support@beveldata.com,beveldata.com,verified
support@bhhc.com,bhhc.com,verified
support@bidprime.com,bidprime.com,verified
support@bigdata.com,bigdata.com,verified
support@biggeo.com,biggeo.com,verified
support@bigvu.tv,bigvu.tv,verified
support@billclap.com,billclap.com,verified
support@billionverify.com,billionverify.com,verified
support@billygrace.com,billygrace.com,verified
support@binclusive.io,binclusive.io,verified
support@binderr.com,binderr.com,verified
support@bitmovin.com,bitmovin.com,verified
support@bitquery.io,bitquery.io,verified
support@bitrise.io,bitrise.io,verified
support@bizaway.com,bizaway.com,verified
support@bizstream.com,bizstream.com,verified
support@blazesql.com,blazesql.com,verified
support@blend-ai.com,blend-ai.com,verified
support@blindpay.com,blindpay.com,verified
support@blinq.me,blinq.me,verified
support@blockchain0x.com,blockchain0x.com,verified
support@blockscholes.com,blockscholes.com,verified
support@bloomreach.com,bloomreach.com,verified
support@bluegamma.io,bluegamma.io,verified
support@bluente.com,bluente.com,verified
support@blueshoe.com,blueshoe.com,verified
support@bold-agro.ai,bold-agro.ai,verified
support@bold.security,bold.security,verified
support@boltz.bio,boltz.bio,verified
support@bonafide.ai,bonafide.ai,verified
support@bonnie.ai,bonnie.ai,verified
support@bonuz.market,bonuz.market,verified
support@boompop.com,boompop.com,verified
support@bounceinsights.com,bounceinsights.com,verified
support@bradsdeals.com,bradsdeals.com,verified
support@brain.fi,brain.fi,verified
support@brainfab.com,brainfab.com,verified
support@brale.xyz,brale.xyz,verified
support@branch.co,branch.co,verified
support@brandsmeetcreators.com,brandsmeetcreators.com,verified
support@breakthroughsales.io,breakthroughsales.io,verified
support@brevo.com,brevo.com,verified
support@brighttangerine.com,brighttangerine.com,verified
support@browserless.io,browserless.io,verified
support@buddy.works,buddy.works,verified
support@buffer.com,buffer.com,verified
support@buhochile.com,buhochile.com,verified
support@builderhead.com,builderhead.com,verified
support@buildfire.com,buildfire.com,verified
support@buildkite.com,buildkite.com,verified
support@burbio.com,burbio.com,verified
support@buymeacoffee.com,buymeacoffee.com,verified
support@bytehide.com,bytehide.com,verified
support@bythen.ai,bythen.ai,verified
support@bzigo.com,bzigo.com,verified
support@caffeine.ai,caffeine.ai,verified
support@cal.com,cal.com,verified
support@calendly.com,calendly.com,verified
support@callgrid.com,callgrid.com,verified
support@callpercy.com,callpercy.com,verified
support@campaignswell.com,campaignswell.com,verified
support@campcation.com,campcation.com,verified
support@camsbiometrics.com,camsbiometrics.com,verified
support@canix.com,canix.com,verified
support@canva.com,canva.com,verified
support@capcade.com,capcade.com,verified
support@capmission.ma,capmission.ma,verified
support@capsule.video,capsule.video,verified
support@carohq.com,carohq.com,verified
support@carriyo.com,carriyo.com,verified
support@cashcow.com,cashcow.com,verified
support@cashflowfrog.com,cashflowfrog.com,verified
support@cashfree.com,cashfree.com,verified
support@causematch.com,causematch.com,verified
support@cbinsights.com,cbinsights.com,verified
support@ccare.org.au,ccare.org.au,verified
support@ccmchase.com,ccmchase.com,verified
support@ceo-cf.com,ceo-cf.com,verified
support@ceramic.ai,ceramic.ai,verified
support@cevoid.com,cevoid.com,verified
support@cevro.ai,cevro.ai,verified
support@chainels.com,chainels.com,verified
support@channel99.com,channel99.com,verified
support@chargeback.io,chargeback.io,verified
support@chargebee.com,chargebee.com,verified
support@chariow.com,chariow.com,verified
support@charthop.com,charthop.com,verified
support@chartmetric.com,chartmetric.com,verified
support@checkout.com,checkout.com,verified
support@checkr.com,checkr.com,verified
support@chidoanh.com,chidoanh.com,verified
support@chift.eu,chift.eu,verified
support@chipax.com,chipax.com,verified
support@chisellabs.com,chisellabs.com,verified
support@chroniclehq.com,chroniclehq.com,verified
support@cinode.com,cinode.com,verified
support@cirra.ai,cirra.ai,verified
support@citsolutions.net,citsolutions.net,verified
support@civicmarketplace.com,civicmarketplace.com,verified
support@cixon.de,cixon.de,verified
support@clappia.com,clappia.com,verified
support@clarify.io,clarify.io,verified
support@clarity.ai,clarity.ai,verified
support@classavo.com,classavo.com,verified
support@classdojo.com,classdojo.com,verified
support@classfit.com,classfit.com,verified
support@clay.earth,clay.earth,verified
support@clazar.io,clazar.io,verified
support@cleanhealth.edu.au,cleanhealth.edu.au,verified
support@clearer.io,clearer.io,verified
support@clemta.com,clemta.com,verified
support@clerk.chat,clerk.chat,verified
support@clickrain.com,clickrain.com,verified
support@clickup.com,clickup.com,verified
support@clockworkrecruiting.com,clockworkrecruiting.com,verified
support@clootrack.com,clootrack.com,verified
support@close.com,close.com,verified
support@closedloop.ai,closedloop.ai,verified
support@cloudchipr.com,cloudchipr.com,verified
support@clouddrove.com,clouddrove.com,verified
support@cloudeagle.ai,cloudeagle.ai,verified
support@cloudflare.com,cloudflare.com,verified
support@cloudgov.ai,cloudgov.ai,verified
support@cloverleaf.ai,cloverleaf.ai,verified
support@cloverly.com,cloverly.com,verified
support@clozd.com,clozd.com,verified
support@coastapp.com,coastapp.com,verified
support@cofi.ai,cofi.ai,verified
support@cognifit.com,cognifit.com,verified
support@coinmarketcap.com,coinmarketcap.com,verified
support@coinstats.app,coinstats.app,verified
support@coliving.com,coliving.com,verified
support@collegepulse.com,collegepulse.com,verified
support@commented.io,commented.io,verified
support@commoninja.com,commoninja.com,verified
support@commonroom.io,commonroom.io,verified
support@commonscompany.com,commonscompany.com,verified
support@community.com,community.com,verified
support@companyenrich.com,companyenrich.com,verified
support@compliancely.com,compliancely.com,verified
support@comscore.com,comscore.com,verified
support@comundo.io,comundo.io,verified
support@conjura.com,conjura.com,verified
support@consensus.app,consensus.app,verified
support@construflow.com.br,construflow.com.br,verified
support@contable.app,contable.app,verified
support@contentful.com,contentful.com,verified
support@contentstudio.io,contentstudio.io,verified
support@controlle.com,controlle.com,verified
support@conversion.com.br,conversion.com.br,verified
support@conversionmediagroup.com,conversionmediagroup.com,verified
support@convesio.com,convesio.com,verified
support@convex.dev,convex.dev,verified
support@conviva.com,conviva.com,verified
support@coolset.com,coolset.com,verified
support@cooroundtable.com,cooroundtable.com,verified
support@copera.ai,copera.ai,verified
support@copilot.money,copilot.money,verified
support@copilot.tax,copilot.tax,verified
support@copilotkit.ai,copilotkit.ai,verified
support@copperx.io,copperx.io,verified
support@coraly.ai,coraly.ai,verified
support@coram.ai,coram.ai,verified
support@cordova.com,cordova.com,verified
support@coris.ai,coris.ai,verified
support@corneliajames.com,corneliajames.com,verified
support@coros.com,coros.com,verified
support@cortea.ai,cortea.ai,verified
support@corvera.ai,corvera.ai,verified
support@coupler.io,coupler.io,verified
support@cpfcnpj.com.br,cpfcnpj.com.br,verified
support@craft.io,craft.io,verified
support@cravit.nl,cravit.nl,verified
support@creatio.ch,creatio.ch,verified
support@creatordb.app,creatordb.app,verified
support@creatorland.com,creatorland.com,verified
support@credplatform.com,credplatform.com,verified
support@criterionrsch.com,criterionrsch.com,verified
support@crossbeam.com,crossbeam.com,verified
support@crowdin.com,crowdin.com,verified
support@crowdreply.io,crowdreply.io,verified
support@cruva.com,cruva.com,verified
support@cryptoquant.com,cryptoquant.com,verified
support@cryptorefills.com,cryptorefills.com,verified
support@crystalknows.com,crystalknows.com,verified
support@cuballama.com,cuballama.com,verified
support@cubesoftware.com,cubesoftware.com,verified
support@cuckooworkout.com,cuckooworkout.com,verified
support@cuebiq.com,cuebiq.com,verified
support@cuelinks.com,cuelinks.com,verified
support@curate.co,curate.co,verified
support@customer.io,customer.io,verified
support@customerscore.io,customerscore.io,verified
support@customily.com,customily.com,verified
support@cuttable.com,cuttable.com,verified
support@cuure.com,cuure.com,verified
support@cxplanner.com,cxplanner.com,verified
support@cybermindr.com,cybermindr.com,verified
support@cypress.io,cypress.io,verified
support@dabbel.eu,dabbel.eu,verified
support@danelfin.com,danelfin.com,verified
support@darkmatter.is,darkmatter.is,verified
support@dartai.com,dartai.com,verified
support@dash.fi,dash.fi,verified
support@databar.ai,databar.ai,verified
support@databend.com,databend.com,verified
support@databox.com,databox.com,verified
support@datadome.co,datadome.co,verified
support@dataforseo.com,dataforseo.com,verified
support@datanomik.com,datanomik.com,verified
support@dataprovider.com,dataprovider.com,verified
support@datarails.com,datarails.com,verified
support@dataspike.io,dataspike.io,verified
support@datocms.com,datocms.com,verified
support@dcycle.io,dcycle.io,verified
support@deako.com,deako.com,verified
support@dealmachine.com,dealmachine.com,verified
support@dealroom.co,dealroom.co,verified
support@deapi.ai,deapi.ai,verified
support@deepidv.com,deepidv.com,verified
support@deeploy.ai,deeploy.ai,verified
support@default.com,default.com,verified
support@defillama.com,defillama.com,verified
support@demostack.com,demostack.com,verified
support@descope.com,descope.com,verified
support@deskfirst.com,deskfirst.com,verified
support@detrack.com,detrack.com,verified
support@detrics.io,detrics.io,verified
support@devally.com,devally.com,verified
support@didit.me,didit.me,verified
support@didlogic.com,didlogic.com,verified
support@diffly.co,diffly.co,verified
support@digitalsamba.com,digitalsamba.com,verified
support@digiteka.com,digiteka.com,verified
support@dj.studio,dj.studio,verified
support@docsautomator.co,docsautomator.co,verified
support@docue.com,docue.com,verified
support@dodopayments.com,dodopayments.com,verified
support@doit.com,doit.com,verified
support@doola.com,doola.com,verified
support@dorsia.com,dorsia.com,verified
support@dotter.me,dotter.me,verified
support@dowgo.com,dowgo.com,verified
support@drata.com,drata.com,verified
support@dreambound.com,dreambound.com,verified
support@dreamlit.ai,dreamlit.ai,verified
support@dreamsetgo.com,dreamsetgo.com,verified
support@dripshop.live,dripshop.live,verified
support@dronedeploy.com,dronedeploy.com,verified
support@dropcontact.com,dropcontact.com,verified
support@drugbank.com,drugbank.com,verified
support@duda.co,duda.co,verified
support@dukascopy.com,dukascopy.com,verified
support@dumfriesva.gov,dumfriesva.gov,verified
support@e4k.co,e4k.co,verified
support@easycomp.ai,easycomp.ai,verified
support@easydmarc.com,easydmarc.com,verified
support@easyleadz.com,easyleadz.com,verified
support@easyship.com,easyship.com,verified
support@ecair.eco,ecair.eco,verified
support@eden.so,eden.so,verified
support@edgetier.com,edgetier.com,verified
support@edito-pdf.com,edito-pdf.com,verified
support@edrone.me,edrone.me,verified
support@eightx.co,eightx.co,verified
support@eka.care,eka.care,verified
support@elements.tv,elements.tv,verified
support@eliex.ai,eliex.ai,verified
support@ellipsend.com,ellipsend.com,verified
support@ellty.com,ellty.com,verified
support@elnora.ai,elnora.ai,verified
support@emaillove.com,emaillove.com,verified
support@emergent.sh,emergent.sh,verified
support@encord.com,encord.com,verified
support@engrate.io,engrate.io,verified
support@enigma.com,enigma.com,verified
support@enrich.so,enrich.so,verified
support@enrola.com.au,enrola.com.au,verified
support@enshift.com,enshift.com,verified
support@entri.com,entri.com,verified
support@envoy.com,envoy.com,verified
support@eon.io,eon.io,verified
support@epsilon3.io,epsilon3.io,verified
support@eramba.org,eramba.org,verified
support@erlin.ai,erlin.ai,verified
support@erpswiss.com,erpswiss.com,verified
support@esputnik.com,esputnik.com,verified
support@estarter.co,estarter.co,verified
support@etermax.com,etermax.com,verified
support@eulerapp.com,eulerapp.com,verified
support@eunice.ai,eunice.ai,verified
support@eventora.com,eventora.com,verified
support@eventrise.com,eventrise.com,verified
support@eventship.com,eventship.com,verified
support@everestlabs.ai,everestlabs.ai,verified
support@everstage.com,everstage.com,verified
support@everwall.com,everwall.com,verified
support@everymanjack.com,everymanjack.com,verified
support@exa.ai,exa.ai,verified
support@exa22.com,exa22.com,verified
support@expedite.now,expedite.now,verified
support@explorium.ai,explorium.ai,verified
support@expo.dev,expo.dev,verified
support@extole.com,extole.com,verified
support@eyequant.com,eyequant.com,verified
support@eyewa.com,eyewa.com,verified
support@eztexting.com,eztexting.com,verified
support@factori.ai,factori.ai,verified
support@factors.ai,factors.ai,verified
support@factset.com,factset.com,verified
support@factum.law,factum.law,verified
support@facturadirecta.com,facturadirecta.com,verified
support@fairly.com,fairly.com,verified
support@fal.ai,fal.ai,verified
support@falconfeeds.io,falconfeeds.io,verified
support@fanalists.com,fanalists.com,verified
support@fanvue.com,fanvue.com,verified
support@faraday.ai,faraday.ai,verified
support@fed10.ai,fed10.ai,verified
support@feedly.com,feedly.com,verified
support@fergus.com,fergus.com,verified
support@fianu.io,fianu.io,verified
support@fifthrow.com,fifthrow.com,verified
support@figr.design,figr.design,verified
support@finaloop.com,finaloop.com,verified
support@finbaze.com,finbaze.com,verified
support@findable.ai,findable.ai,verified
support@findymail.com,findymail.com,verified
support@finhay.com.vn,finhay.com.vn,verified
support@finoptimal.com,finoptimal.com,verified
support@finout.io,finout.io,verified
support@finthesis.io,finthesis.io,verified
support@fintoc.com,fintoc.com,verified
support@firebird.ai,firebird.ai,verified
support@firecrawl.dev,firecrawl.dev,verified
support@fireflies.ai,fireflies.ai,verified
support@firstlook.gg,firstlook.gg,verified
support@firstround.com,firstround.com,verified
support@fitsamerica.com,fitsamerica.com,verified
support@flagsmith.com,flagsmith.com,verified
support@flair.co,flair.co,verified
support@flalingo.com,flalingo.com,verified
support@flameanalytics.com,flameanalytics.com,verified
support@flashbots.net,flashbots.net,verified
support@flashvote.com,flashvote.com,verified
support@fleetx.io,fleetx.io,verified
support@flexmls.com,flexmls.com,verified
support@flipsnack.com,flipsnack.com,verified
support@flodesk.com,flodesk.com,verified
support@floorfound.com,floorfound.com,verified
support@flora.ai,flora.ai,verified
support@flowaccount.com,flowaccount.com,verified
support@flowcode.com,flowcode.com,verified
support@flowcredi.com.br,flowcredi.com.br,verified
support@flylance.com,flylance.com,verified
support@folk.app,folk.app,verified
support@folloze.com,folloze.com,verified
support@fomo.ai,fomo.ai,verified
support@fonzi.ai,fonzi.ai,verified
support@fore.dev,fore.dev,verified
support@forinvest.com,forinvest.com,verified
support@forio.com,forio.com,verified
support@formant.io,formant.io,verified
support@formassembly.com,formassembly.com,verified
support@formly.ai,formly.ai,verified
support@forter.com,forter.com,verified
support@foundational.io,foundational.io,verified
support@foundernest.com,foundernest.com,verified
support@fraudlogix.com,fraudlogix.com,verified
support@freedom.world,freedom.world,verified
support@freee.co.jp,freee.co.jp,verified
support@fresha.com,fresha.com,verified
support@freshbus.com,freshbus.com,verified
support@freshpoint.cz,freshpoint.cz,verified
support@friday.nl,friday.nl,verified
support@frontapp.com,frontapp.com,verified
support@frsport.com,frsport.com,verified
support@fullcodemedical.com,fullcodemedical.com,verified
support@fullenrich.com,fullenrich.com,verified
support@fundify.com,fundify.com,verified
support@fundin.ai,fundin.ai,verified
support@furious-squad.com,furious-squad.com,verified
support@fusionpact.com,fusionpact.com,verified
support@fusionspan.com,fusionspan.com,verified
support@futureprinciple.com,futureprinciple.com,verified
support@futuresearch.ai,futuresearch.ai,verified
support@futuresnoops.com,futuresnoops.com,verified
support@fynite.ai,fynite.ai,verified
support@fyxer.com,fyxer.com,verified
support@gabster.ai,gabster.ai,verified
support@gameball.co,gameball.co,verified
support@gamma.app,gamma.app,verified
support@gatsby.events,gatsby.events,verified
support@geekbot.com,geekbot.com,verified
support@gem.com,gem.com,verified
support@general.legal,general.legal,verified
support@generect.com,generect.com,verified
support@genialcare.com.br,genialcare.com.br,verified
support@genially.com,genially.com,verified
support@genloop.ai,genloop.ai,verified
support@genvid.com,genvid.com,verified
support@geogenie.ai,geogenie.ai,verified
support@geopard.tech,geopard.tech,verified
support@geotab.com,geotab.com,verified
support@getaccept.com,getaccept.com,verified
support@getaleph.com,getaleph.com,verified
support@getbalance.com,getbalance.com,verified
support@getboomerang.ai,getboomerang.ai,verified
support@getbuddi.ai,getbuddi.ai,verified
support@getcroissant.com,getcroissant.com,verified
support@getdalton.com,getdalton.com,verified
support@getdex.com,getdex.com,verified
support@getken.ai,getken.ai,verified
support@getloper.com,getloper.com,verified
support@getnylo.com,getnylo.com,verified
support@getpalm.com,getpalm.com,verified
support@getrecast.com,getrecast.com,verified
support@getredo.com,getredo.com,verified
support@getridley.com,getridley.com,verified
support@getsales.io,getsales.io,verified
support@getscalability.io,getscalability.io,verified
support@getsift.ai,getsift.ai,verified
support@getspeedpoint.com,getspeedpoint.com,verified
support@getsponsy.com,getsponsy.com,verified
support@giftpoint.io,giftpoint.io,verified
support@gighq.ai,gighq.ai,verified
support@gigstack.io,gigstack.io,verified
support@giscloud.com,giscloud.com,verified
support@gitguardian.com,gitguardian.com,verified
support@givebutter.com,givebutter.com,verified
support@gladium.ai,gladium.ai,verified
support@glam.ai,glam.ai,verified
support@gleap.io,gleap.io,verified
support@glede.app,glede.app,verified
support@glichealth.com,glichealth.com,verified
support@glowtify.com,glowtify.com,verified
support@gocardless.com,gocardless.com,verified
support@goconsensus.com,goconsensus.com,verified
support@gocsm.com,gocsm.com,verified
support@goextrovert.com,goextrovert.com,verified
support@goflink.com,goflink.com,verified
support@goideally.com,goideally.com,verified
support@goldfishads.com,goldfishads.com,verified
support@golinks.io,golinks.io,verified
support@gomining.com,gomining.com,verified
support@gong.io,gong.io,verified
support@goodfin.com,goodfin.com,verified
support@goodlawyer.ca,goodlawyer.ca,verified
support@goodwatercap.com,goodwatercap.com,verified
support@gopitcrew.com,gopitcrew.com,verified
support@gothru.co,gothru.co,verified
support@gotobeat.com,gotobeat.com,verified
support@govspend.com,govspend.com,verified
support@gowindmill.com,gowindmill.com,verified
support@graas.ai,graas.ai,verified
support@grafana.com,grafana.com,verified
support@graneet.fr,graneet.fr,verified
support@granola.ai,granola.ai,verified
support@grasp.gg,grasp.gg,verified
support@grasp.study,grasp.study,verified
support@gravl.io,gravl.io,verified
support@green-api.com,green-api.com,verified
support@gridium.com,gridium.com,verified
support@gridlex.com,gridlex.com,verified
support@grin.co,grin.co,verified
support@grinfi.io,grinfi.io,verified
support@growth99.com,growth99.com,verified
support@grupoeon.com.ar,grupoeon.com.ar,verified
support@grupovelas.com.br,grupovelas.com.br,verified
support@guides.co,guides.co,verified
support@gxl.ai,gxl.ai,verified
support@gyramais.com.br,gyramais.com.br,verified
support@hackle.io,hackle.io,verified
support@hadrian.io,hadrian.io,verified
support@haiku.fr,haiku.fr,verified
support@haloai.co.id,haloai.co.id,verified
support@handy.la,handy.la,verified
support@happycog.com,happycog.com,verified
support@harness.io,harness.io,verified
support@hawky.ai,hawky.ai,verified
support@hbflavor.com,hbflavor.com,verified
support@healthkey.health,healthkey.health,verified
support@heavybit.com,heavybit.com,verified
support@hectorai.live,hectorai.live,verified
support@heex.io,heex.io,verified
support@hellobonsai.com,hellobonsai.com,verified
support@hellodarwin.com,hellodarwin.com,verified
support@heroku.com,heroku.com,verified
support@heyflow.com,heyflow.com,verified
support@heygen.com,heygen.com,verified
support@heymantle.com,heymantle.com,verified
support@heymarvin.com,heymarvin.com,verified
support@heymilo.ai,heymilo.ai,verified
support@highspot.com,highspot.com,verified
support@hightideinc.com,hightideinc.com,verified
support@higoodie.com,higoodie.com,verified
support@himodus.com,himodus.com,verified
support@hirenimbus.com,hirenimbus.com,verified
support@hirequotient.com,hirequotient.com,verified
support@histellar.com,histellar.com,verified
support@hivecpq.com,hivecpq.com,verified
support@holded.com,holded.com,verified
support@holidu.com,holidu.com,verified
support@homeric.ai,homeric.ai,verified
support@honasa.in,honasa.in,verified
support@honcho.com.au,honcho.com.au,verified
support@honor.education,honor.education,verified
support@hospitable.com,hospitable.com,verified
support@hri-research.org,hri-research.org,verified
support@hubbl.com,hubbl.com,verified
support@hubstaff.com,hubstaff.com,verified
support@humaans.io,humaans.io,verified
support@humanagement.io,humanagement.io,verified
support@hunt.io,hunt.io,verified
support@hushh.ai,hushh.ai,verified
support@hvakr.com,hvakr.com,verified
support@hy.digital,hy.digital,verified
support@hypercore.ai,hypercore.ai,verified
support@hyperline.co,hyperline.co,verified
support@hyprmx.com,hyprmx.com,verified
support@hyre.io,hyre.io,verified
support@hyundaifuturenet.com,hyundaifuturenet.com,verified
support@iamota.com,iamota.com,verified
support@ibanfirst.com,ibanfirst.com,verified
support@icebreaker.xyz,icebreaker.xyz,verified
support@icepanel.io,icepanel.io,verified
support@icmarkets.com,icmarkets.com,verified
support@icustomer.ai,icustomer.ai,verified
support@ideogram.ai,ideogram.ai,verified
support@ifcroofing.com,ifcroofing.com,verified
support@imagine.art,imagine.art,verified
support@imax.com,imax.com,verified
support@immedio.io,immedio.io,verified
support@implisense.com,implisense.com,verified
support@impossible.io,impossible.io,verified
support@inboxally.com,inboxally.com,verified
support@inboxkit.com,inboxkit.com,verified
support@incident.io,incident.io,verified
support@incube8.sg,incube8.sg,verified
support@indelible.co.nz,indelible.co.nz,verified
support@indicaonline.com,indicaonline.com,verified
support@indmoney.com,indmoney.com,verified
support@infillion.com,infillion.com,verified
support@inflection.io,inflection.io,verified
support@influee.co,influee.co,verified
support@influencer.in,influencer.in,verified
support@ingenious.build,ingenious.build,verified
support@ingeno.ca,ingeno.ca,verified
support@ingest.ai,ingest.ai,verified
support@insided.com,insided.com,verified
support@insites.com,insites.com,verified
support@inspectionsupport.com,inspectionsupport.com,verified
support@instabridge.com,instabridge.com,verified
support@instantdb.com,instantdb.com,verified
support@instantly.ai,instantly.ai,verified
support@instrumentl.com,instrumentl.com,verified
support@insurely.com,insurely.com,verified
support@intelas.com,intelas.com,verified
support@intelimetrica.com,intelimetrica.com,verified
support@intentwise.com,intentwise.com,verified
support@intercom.com,intercom.com,verified
support@investdefy.com,investdefy.com,verified
support@investnext.com,investnext.com,verified
support@investorlift.com,investorlift.com,verified
support@invoicexpress.com,invoicexpress.com,verified
support@iproxy.online,iproxy.online,verified
support@item.app,item.app,verified
support@itgenius.com,itgenius.com,verified
support@itstoday.org,itstoday.org,verified
support@iyengarnyc.org,iyengarnyc.org,verified
support@jam.dev,jam.dev,verified
support@jam7.com,jam7.com,verified
support@jambase.com,jambase.com,verified
support@jamloop.com,jamloop.com,verified
support@janet.ai,janet.ai,verified
support@jarvi.tech,jarvi.tech,verified
support@jaz.ai,jaz.ai,verified
support@jelou.ai,jelou.ai,verified
support@jepto.com,jepto.com,verified
support@jibble.io,jibble.io,verified
support@jiminny.com,jiminny.com,verified
support@jobin.cloud,jobin.cloud,verified
support@joinotto.com,joinotto.com,verified
support@joinswsh.com,joinswsh.com,verified
support@jointimecloud.com,jointimecloud.com,verified
support@jollycommerce.io,jollycommerce.io,verified
support@jotform.com,jotform.com,verified
support@joyn.one,joyn.one,verified
support@jtkmarketing.com,jtkmarketing.com,verified
support@judgmentlabs.ai,judgmentlabs.ai,verified
support@juma.ai,juma.ai,verified
support@jumpseller.com,jumpseller.com,verified
support@junipergenomics.com,junipergenomics.com,verified
support@jurny.com,jurny.com,verified
support@k9security.io,k9security.io,verified
support@kadoa.com,kadoa.com,verified
support@kanna4u.com,kanna4u.com,verified
support@kapoq.com,kapoq.com,verified
support@kapptivate.com,kapptivate.com,verified
support@karbonhq.com,karbonhq.com,verified
support@karmelcapital.com,karmelcapital.com,verified
support@kashable.com,kashable.com,verified
support@katara.ai,katara.ai,verified
support@kayzen.io,kayzen.io,verified
support@kease.io,kease.io,verified
support@keboola.com,keboola.com,verified
support@keeping.com,keeping.com,verified
support@kenai.app,kenai.app,verified
support@kernel.ai,kernel.ai,verified
support@kevel.com,kevel.com,verified
support@keywordsai.co,keywordsai.co,verified
support@keywordtool.io,keywordtool.io,verified
support@kime.ai,kime.ai,verified
support@kinesis.org,kinesis.org,verified
support@kiosked.com,kiosked.com,verified
support@kive.ai,kive.ai,verified
support@kixie.com,kixie.com,verified
support@klaviyo.com,klaviyo.com,verified
support@knapsack.cloud,knapsack.cloud,verified
support@knips.com,knips.com,verified
support@knock.app,knock.app,verified
support@knocommerce.com,knocommerce.com,verified
support@knotch.com,knotch.com,verified
support@knowledgegategroup.com,knowledgegategroup.com,verified
support@knoxed.com,knoxed.com,verified
support@kogenta.com,kogenta.com,verified
support@komodor.com,komodor.com,verified
support@konta.com,konta.com,verified
support@korl.co,korl.co,verified
support@kotzilla.io,kotzilla.io,verified
support@kpicreatives.com,kpicreatives.com,verified
support@krisp.ai,krisp.ai,verified
support@kubit.ai,kubit.ai,verified
support@kuradashi.jp,kuradashi.jp,verified
support@kynship.co,kynship.co,verified
support@lambdatest.com,lambdatest.com,verified
support@landstack.co.uk,landstack.co.uk,verified
support@lanterne.ai,lanterne.ai,verified
support@lasso.ai,lasso.ai,verified
support@lasso.security,lasso.security,verified
support@lastcallanalytics.com,lastcallanalytics.com,verified
support@latitude.sh,latitude.sh,verified
support@launchgood.com,launchgood.com,verified
support@lawtrades.com,lawtrades.com,verified
support@layer.team,layer.team,verified
support@laylinetech.com,laylinetech.com,verified
support@leadfeeder.com,leadfeeder.com,verified
support@leadiq.com,leadiq.com,verified
support@leadmagic.io,leadmagic.io,verified
support@leandata.com,leandata.com,verified
support@leanmote.com,leanmote.com,verified
support@leasecalcs.com,leasecalcs.com,verified
support@legalboards.io,legalboards.io,verified
support@legalmike.ai,legalmike.ai,verified
support@leonardo.ai,leonardo.ai,verified
support@letstok.com,letstok.com,verified
support@letsweel.com,letsweel.com,verified
support@letterdrop.com,letterdrop.com,verified
support@lettrlabs.com,lettrlabs.com,verified
support@lev.com,lev.com,verified
support@leverest.net,leverest.net,verified
support@levo.ai,levo.ai,verified
support@lezzoo.com,lezzoo.com,verified
support@libris.ro,libris.ro,verified
support@lickd.co,lickd.co,verified
support@lifesight.io,lifesight.io,verified
support@lightbase.co,lightbase.co,verified
support@lightbringer.com,lightbringer.com,verified
support@lightmetrics.co,lightmetrics.co,verified
support@lilt.com,lilt.com,verified
support@limacharlie.io,limacharlie.io,verified
support@liminal.co,liminal.co,verified
support@lindo.ai,lindo.ai,verified
support@linear.app,linear.app,verified
support@linguado.com,linguado.com,verified
support@linktr.ee,linktr.ee,verified
support@listenlabs.ai,listenlabs.ai,verified
support@littlebird.ai,littlebird.ai,verified
support@liverem.com,liverem.com,verified
support@llamaindex.ai,llamaindex.ai,verified
support@lnk.bio,lnk.bio,verified
support@loadsmart.com,loadsmart.com,verified
support@localfalcon.com,localfalcon.com,verified
support@lockchain.ai,lockchain.ai,verified
support@loft47.com,loft47.com,verified
support@logestechs.com,logestechs.com,verified
support@logic.inc,logic.inc,verified
support@logrocket.com,logrocket.com,verified
support@logto.io,logto.io,verified
support@lokalise.com,lokalise.com,verified
support@londonserenity.com,londonserenity.com,verified
support@lookback.io,lookback.io,verified
support@loopai.com,loopai.com,verified
support@lorikeetcx.ai,lorikeetcx.ai,verified
support@lottiefiles.com,lottiefiles.com,verified
support@lovable.dev,lovable.dev,verified
support@ludusengine.com,ludusengine.com,verified
support@luma.com,luma.com,verified
support@lumar.io,lumar.io,verified
support@luminovo.com,luminovo.com,verified
support@luminpdf.com,luminpdf.com,verified
support@lumonic.com,lumonic.com,verified
support@lusha.com,lusha.com,verified
support@luxurypresence.com,luxurypresence.com,verified
support@mabl.com,mabl.com,verified
support@maestrobrasil.ai,maestrobrasil.ai,verified
support@magicpatterns.com,magicpatterns.com,verified
support@magicpost.in,magicpost.in,verified
support@magnific.com,magnific.com,verified
support@mailmonitor.com,mailmonitor.com,verified
support@make.com,make.com,verified
support@makea.co,makea.co,verified
support@makersights.com,makersights.com,verified
support@manatal.com,manatal.com,verified
support@mancommx.com,mancommx.com,verified
support@mandaprofinanceiro.com,mandaprofinanceiro.com,verified
support@maniv.com,maniv.com,verified
support@manossoftware.com,manossoftware.com,verified
support@manufact.com,manufact.com,verified
support@mapbox.com,mapbox.com,verified
support@maple.com,maple.com,verified
support@marcura.com,marcura.com,verified
support@marketingminer.com,marketingminer.com,verified
support@marketxls.com,marketxls.com,verified
support@marq.com,marq.com,verified
support@marqii.com,marqii.com,verified
support@martecko.com,martecko.com,verified
support@marvinrecruiter.com,marvinrecruiter.com,verified
support@masters.vc,masters.vc,verified
support@mastheadata.com,mastheadata.com,verified
support@matador.ai,matador.ai,verified
support@materialsmarket.com,materialsmarket.com,verified
support@matik.io,matik.io,verified
support@mdcdatacenters.com,mdcdatacenters.com,verified
support@me.sh,me.sh,verified
support@meandu.com,meandu.com,verified
support@measured.com,measured.com,verified
support@mebot.ai,mebot.ai,verified
support@mechanism.com,mechanism.com,verified
support@medasystems.com,medasystems.com,verified
support@mediafly.com,mediafly.com,verified
support@mee6.xyz,mee6.xyz,verified
support@meetgeek.ai,meetgeek.ai,verified
support@meethero.ai,meethero.ai,verified
support@meetjamie.ai,meetjamie.ai,verified
support@meetleo.com,meetleo.com,verified
support@meetmable.com,meetmable.com,verified
support@meetminutes.in,meetminutes.in,verified
support@meetup.com,meetup.com,verified
support@megaport.com,megaport.com,verified
support@meikai.ai,meikai.ai,verified
support@meisterlabs.com,meisterlabs.com,verified
support@meistertask.com,meistertask.com,verified
support@melba.io,melba.io,verified
support@melius.com,melius.com,verified
support@mellow.io,mellow.io,verified
support@mem.ai,mem.ai,verified
support@memberstack.com,memberstack.com,verified
support@mentatech.io,mentatech.io,verified
support@mentionlab.io,mentionlab.io,verified
support@mentionlytics.com,mentionlytics.com,verified
support@meow.com,meow.com,verified
support@mercadolibre.com,mercadolibre.com,verified
support@mercury.com,mercury.com,verified
support@mergr.com,mergr.com,verified
support@mesmer.co,mesmer.co,verified
support@messari.io,messari.io,verified
support@meteomatics.com,meteomatics.com,verified
support@middesk.com,middesk.com,verified
support@milenow.com,milenow.com,verified
support@millistream.com,millistream.com,verified
support@millow.co,millow.co,verified
support@mindmeister.com,mindmeister.com,verified
support@minicoursegenerator.com,minicoursegenerator.com,verified
support@mintlify.com,mintlify.com,verified
support@minubo.com,minubo.com,verified
support@miracleplus.com,miracleplus.com,verified
support@miramis.co,miramis.co,verified
support@miro.com,miro.com,verified
support@mistywest.com,mistywest.com,verified
support@mixmax.com,mixmax.com,verified
support@mixpanel.com,mixpanel.com,verified
support@mkt1.co,mkt1.co,verified
support@mobile-text-alerts.com,mobile-text-alerts.com,verified
support@modelmatch.com,modelmatch.com,verified
support@mogul.club,mogul.club,verified
support@mongodb.com,mongodb.com,verified
support@moonlit.ai,moonlit.ai,verified
support@moovel.com,moovel.com,verified
support@morningscore.io,morningscore.io,verified
support@motra.com,motra.com,verified
support@movingimage.my,movingimage.my,verified
support@mprofit.in,mprofit.in,verified
support@mscience.com,mscience.com,verified
support@mudstack.com,mudstack.com,verified
support@musicinfra.com,musicinfra.com,verified
support@musixmatch.com,musixmatch.com,verified
support@mutinyhq.com,mutinyhq.com,verified
support@mutual.app,mutual.app,verified
support@mux.com,mux.com,verified
support@mydevices.com,mydevices.com,verified
support@mymeet.ai,mymeet.ai,verified
support@myop.dev,myop.dev,verified
support@myswimpro.com,myswimpro.com,verified
support@n3xt.io,n3xt.io,verified
support@nachonacho.com,nachonacho.com,verified
support@nanonets.com,nanonets.com,verified
support@napta.io,napta.io,verified
support@narrative.io,narrative.io,verified
support@native.security,native.security,verified
support@nativo.com,nativo.com,verified
support@navan.com,navan.com,verified
support@nclarity.com,nclarity.com,verified
support@needl.ai,needl.ai,verified
support@nekt.com,nekt.com,verified
support@nell.ai,nell.ai,verified
support@netradyne.com,netradyne.com,verified
support@neurosity.co,neurosity.co,verified
support@neutroon.com,neutroon.com,verified
support@nevermisshq.com,nevermisshq.com,verified
support@newbrandmedia.com,newbrandmedia.com,verified
support@newrelic.com,newrelic.com,verified
support@newstex.com,newstex.com,verified
support@nex.ai,nex.ai,verified
support@nexcpg.com,nexcpg.com,verified
support@nilehq.com,nilehq.com,verified
support@nim.video,nim.video,verified
support@nirvanahq.com,nirvanahq.com,verified
support@nobleblocks.com,nobleblocks.com,verified
support@noma.security,noma.security,verified
support@northbeam.io,northbeam.io,verified
support@nostra.ai,nostra.ai,verified
support@notebook.agency,notebook.agency,verified
support@novatalent.com,novatalent.com,verified
support@novopsych.com,novopsych.com,verified
support@nue.io,nue.io,verified
support@nuwapen.com,nuwapen.com,verified
support@nyquistai.com,nyquistai.com,verified
support@obat.fr,obat.fr,verified
support@ocoya.com,ocoya.com,verified
support@octavehq.com,octavehq.com,verified
support@octolane.com,octolane.com,verified
support@octoparse.com,octoparse.com,verified
support@octus.com,octus.com,verified
support@oktopost.com,oktopost.com,verified
support@oliverslabels.com,oliverslabels.com,verified
support@omi.so,omi.so,verified
support@omnea.co,omnea.co,verified
support@omnidim.io,omnidim.io,verified
support@omnivio.io,omnivio.io,verified
support@onabu.ai,onabu.ai,verified
support@oncrawl.com,oncrawl.com,verified
support@oneassessment.com,oneassessment.com,verified
support@onepage.io,onepage.io,verified
support@onepay.com,onepay.com,verified
support@onepeloton.com,onepeloton.com,verified
support@onfrontiers.com,onfrontiers.com,verified
support@onlook.com,onlook.com,verified
support@onlycat.com,onlycat.com,verified
support@ontra.ai,ontra.ai,verified
support@ontraport.com,ontraport.com,verified
support@oort.io,oort.io,verified
support@openart.ai,openart.ai,verified
support@openbridge.com,openbridge.com,verified
support@opengrants.io,opengrants.io,verified
support@openrouter.ai,openrouter.ai,verified
support@opensea.io,opensea.io,verified
support@operating.app,operating.app,verified
support@opinly.ai,opinly.ai,verified
support@opquast.com,opquast.com,verified
support@optionsamurai.com,optionsamurai.com,verified
support@orbb.com,orbb.com,verified
support@orderful.com,orderful.com,verified
support@organizze.com.br,organizze.com.br,verified
support@orilearning.com,orilearning.com,verified
support@orionsleep.com,orionsleep.com,verified
support@orus-energy.com,orus-energy.com,verified
support@osome.com,osome.com,verified
support@otelai.com,otelai.com,verified
support@otter.ai,otter.ai,verified
support@ottimate.com,ottimate.com,verified
support@ottit.com,ottit.com,verified
support@ourritual.com,ourritual.com,verified
support@outdoorsy.com,outdoorsy.com,verified
support@outlit.ai,outlit.ai,verified
support@overfuel.com,overfuel.com,verified
support@overmatch.com,overmatch.com,verified
support@ovintiv.com,ovintiv.com,verified
support@owlvc.com,owlvc.com,verified
support@ownright.com,ownright.com,verified
support@paapi.ai,paapi.ai,verified
support@packman.ai,packman.ai,verified
support@padlet.com,padlet.com,verified
support@pagerduty.com,pagerduty.com,verified
support@pagos.ai,pagos.ai,verified
support@pandadoc.com,pandadoc.com,verified
support@panoramaed.com,panoramaed.com,verified
support@papermill.io,papermill.io,verified
support@pappers.fr,pappers.fr,verified
support@parcllabs.com,parcllabs.com,verified
support@parkable.com,parkable.com,verified
support@parqet.com,parqet.com,verified
support@patch.io,patch.io,verified
support@pavefi.com,pavefi.com,verified
support@paymob.com,paymob.com,verified
support@payouts.com,payouts.com,verified
support@paytmpayments.com,paytmpayments.com,verified
support@paywall.one,paywall.one,verified
support@paywithlocus.com,paywithlocus.com,verified
support@pdf.net,pdf.net,verified
support@peakmetrics.com,peakmetrics.com,verified
support@pelcro.com,pelcro.com,verified
support@people.ai,people.ai,verified
support@perdoo.com,perdoo.com,verified
support@pex.com,pex.com,verified
support@pga.com,pga.com,verified
support@phantombuster.com,phantombuster.com,verified
support@photoncommerce.com,photoncommerce.com,verified
support@phylo.bio,phylo.bio,verified
support@pickfu.com,pickfu.com,verified
support@pics.io,pics.io,verified
support@pillar.security,pillar.security,verified
support@pin.com,pin.com,verified
support@pinegap.ai,pinegap.ai,verified
support@pipe17.com,pipe17.com,verified
support@piperai.com,piperai.com,verified
support@pixa.com,pixa.com,verified
support@placester.com,placester.com,verified
support@planable.io,planable.io,verified
support@planprophet.com,planprophet.com,verified
support@plansom.com,plansom.com,verified
support@plaud.ai,plaud.ai,verified
support@playyourbrand.com,playyourbrand.com,verified
support@plcs.ai,plcs.ai,verified
support@plotline.so,plotline.so,verified
support@plusai.com,plusai.com,verified
support@pocketsmith.com,pocketsmith.com,verified
support@podio.com,podio.com,verified
support@podpage.com,podpage.com,verified
support@pointfive.co,pointfive.co,verified
support@poltio.com,poltio.com,verified
support@polytomic.com,polytomic.com,verified
support@pop.in,pop.in,verified
support@popety.io,popety.io,verified
support@portal26.ai,portal26.ai,verified
support@portkey.ai,portkey.ai,verified
support@postman.com,postman.com,verified
support@postmypost.io,postmypost.io,verified
support@powernaut.io,powernaut.io,verified
support@powtoon.com,powtoon.com,verified
support@pragma.com.co,pragma.com.co,verified
support@praiz.io,praiz.io,verified
support@pramata.com,pramata.com,verified
support@praxi.ai,praxi.ai,verified
support@predactiv.com,predactiv.com,verified
support@predicthq.com,predicthq.com,verified
support@premom.com,premom.com,verified
support@prescriberpoint.com,prescriberpoint.com,verified
support@presien.com,presien.com,verified
support@pricehubble.com,pricehubble.com,verified
support@pricelabs.co,pricelabs.co,verified
support@prima.ai,prima.ai,verified
support@primum.co,primum.co,verified
support@printmailsolutions.com,printmailsolutions.com,verified
support@prisma.io,prisma.io,verified
support@prismic.io,prismic.io,verified
support@privacy.com,privacy.com,verified
support@privco.com,privco.com,verified
support@prodeal360.com,prodeal360.com,verified
support@prodoscore.com,prodoscore.com,verified
support@product.ai,product.ai,verified
support@producteca.com,producteca.com,verified
support@productive.io,productive.io,verified
support@projectleannation.com,projectleannation.com,verified
support@prokeep.com,prokeep.com,verified
support@prompt.security,prompt.security,verified
support@propbar.co.uk,propbar.co.uk,verified
support@propeller.co.uk,propeller.co.uk,verified
support@proposify.com,proposify.com,verified
support@propper.ai,propper.ai,verified
support@propup.at,propup.at,verified
support@propush.me,propush.me,verified
support@prosaic.works,prosaic.works,verified
support@prosal.com,prosal.com,verified
support@prospeo.io,prospeo.io,verified
support@prscnt.com,prscnt.com,verified
support@prxyco.com,prxyco.com,verified
support@psyke.co,psyke.co,verified
support@public.com,public.com,verified
support@pubnub.com,pubnub.com,verified
support@pulsegen.io,pulsegen.io,verified
support@pulseintelligence.com,pulseintelligence.com,verified
support@purplewave.com,purplewave.com,verified
support@puter.com,puter.com,verified
support@puzzle.io,puzzle.io,verified
support@pxdata.ai,pxdata.ai,verified
support@qapla.it,qapla.it,verified
support@qlerify.com,qlerify.com,verified
support@qminder.com,qminder.com,verified
support@qobra.co,qobra.co,verified
support@qoets.nl,qoets.nl,verified
support@qonversion.io,qonversion.io,verified
support@qti.co.id,qti.co.id,verified
support@quanthome.com,quanthome.com,verified
support@quantumheaps.com,quantumheaps.com,verified
support@quartr.com,quartr.com,verified
support@quattr.com,quattr.com,verified
support@query.ai,query.ai,verified
support@questionpro.com,questionpro.com,verified
support@quicknode.com,quicknode.com,verified
support@quinn-ai.com,quinn-ai.com,verified
support@quivly.ai,quivly.ai,verified
support@quotech.io,quotech.io,verified
support@rach.io,rach.io,verified
support@raindrop.ai,raindrop.ai,verified
support@raisely.com,raisely.com,verified
support@rallyuxr.com,rallyuxr.com,verified
support@ramp.com,ramp.com,verified
support@ranger.net,ranger.net,verified
support@rankscale.ai,rankscale.ai,verified
support@rapidata.ai,rapidata.ai,verified
support@rapidflare.ai,rapidflare.ai,verified
support@rapido.co.nz,rapido.co.nz,verified
support@rayda.co,rayda.co,verified
support@raylu.ai,raylu.ai,verified
support@raynatours.com,raynatours.com,verified
support@razorpay.com,razorpay.com,verified
support@reachtwr.com,reachtwr.com,verified
support@reactordata.com,reactordata.com,verified
support@reallygoodemails.com,reallygoodemails.com,verified
support@realmhome.com,realmhome.com,verified
support@realytics.com,realytics.com,verified
support@reap.global,reap.global,verified
support@receiptor.ai,receiptor.ai,verified
support@reclaim.ai,reclaim.ai,verified
support@recordedfuture.com,recordedfuture.com,verified
support@recruitu.com,recruitu.com,verified
support@recurly.com,recurly.com,verified
support@redonlinemarketing.nl,redonlinemarketing.nl,verified
support@redsift.io,redsift.io,verified
support@reelevant.com,reelevant.com,verified
support@reevo.ai,reevo.ai,verified
support@referralcandy.com,referralcandy.com,verified
support@relay.app,relay.app,verified
support@relevanceai.com,relevanceai.com,verified
support@relpro.com,relpro.com,verified
support@relynk.io,relynk.io,verified
support@remote.com,remote.com,verified
support@reo.dev,reo.dev,verified
support@replenysh.com,replenysh.com,verified
support@replicate.com,replicate.com,verified
support@resend.com,resend.com,verified
support@reshapex.com,reshapex.com,verified
support@respan.ai,respan.ai,verified
support@rest.com,rest.com,verified
support@restream.io,restream.io,verified
support@retab.com,retab.com,verified
support@reteno.com,reteno.com,verified
support@retently.com,retently.com,verified
support@revenium.ai,revenium.ai,verified
support@reversinglabs.com,reversinglabs.com,verified
support@revisiondojo.com,revisiondojo.com,verified
support@revolutionre.com,revolutionre.com,verified
support@revsend.com,revsend.com,verified
support@rezoomex.com,rezoomex.com,verified
support@rhinofcp.com,rhinofcp.com,verified
support@rhinohealth.com,rhinohealth.com,verified
support@richpanel.com,richpanel.com,verified
support@ringotel.com,ringotel.com,verified
support@risepeople.com,risepeople.com,verified
support@rivelinrobotics.com,rivelinrobotics.com,verified
support@rivio.com.br,rivio.com.br,verified
support@roboflow.com,roboflow.com,verified
support@rocketlane.com,rocketlane.com,verified
support@rockhopper.co,rockhopper.co,verified
support@roihunter.com,roihunter.com,verified
support@rolli.ai,rolli.ai,verified
support@rootline.com,rootline.com,verified
support@rootly.com,rootly.com,verified
support@roundtreasury.com,roundtreasury.com,verified
support@rowads.studio,rowads.studio,verified
support@rowzero.com,rowzero.com,verified
support@rudderstack.com,rudderstack.com,verified
support@runrehearsals.com,runrehearsals.com,verified
support@runriviera.com,runriviera.com,verified
support@runware.ai,runware.ai,verified
support@runway.team,runway.team,verified
support@runwayml.com,runwayml.com,verified
support@rupeezy.in,rupeezy.in,verified
support@rushdb.com,rushdb.com,verified
support@rye.com,rye.com,verified
support@ryestrategy.com,ryestrategy.com,verified
support@safeguard.sh,safeguard.sh,verified
support@safetyculture.com,safetyculture.com,verified
support@sailpoint.com,sailpoint.com,verified
support@saleshandy.com,saleshandy.com,verified
support@saleslayer.com,saleslayer.com,verified
support@salesloft.com,salesloft.com,verified
support@salesmanago.com,salesmanago.com,verified
support@salesmessage.com,salesmessage.com,verified
support@samaya.ai,samaya.ai,verified
support@sanalsantral.com.tr,sanalsantral.com.tr,verified
support@sanity.io,sanity.io,verified
support@sanka.com,sanka.com,verified
support@satellitesonfire.com,satellitesonfire.com,verified
support@sawmills.ai,sawmills.ai,verified
support@saxum.com,saxum.com,verified
support@sayhellocollege.com,sayhellocollege.com,verified
support@scaleflex.com,scaleflex.com,verified
support@scalestack.ai,scalestack.ai,verified
support@scannable.io,scannable.io,verified
support@scanpower.com,scanpower.com,verified
support@scenario.com,scenario.com,verified
support@schemaapp.com,schemaapp.com,verified
support@schemantic.io,schemantic.io,verified
support@scienceexchange.com,scienceexchange.com,verified
support@scienceofpeople.com,scienceofpeople.com,verified
support@scientist.com,scientist.com,verified
support@scispot.io,scispot.io,verified
support@scorecard.io,scorecard.io,verified
support@scribe-mail.com,scribe-mail.com,verified
support@scrive.com,scrive.com,verified
support@scrollmark.com,scrollmark.com,verified
support@seam.co,seam.co,verified
support@searchatlas.com,searchatlas.com,verified
support@searchinfluence.com,searchinfluence.com,verified
support@searchunify.com,searchunify.com,verified
support@sectionai.com,sectionai.com,verified
support@securin.io,securin.io,verified
support@seerinteractive.com,seerinteractive.com,verified
support@segmentstream.com,segmentstream.com,verified
support@selffundhealth.com,selffundhealth.com,verified
support@sellergeni.com,sellergeni.com,verified
support@sellerise.com,sellerise.com,verified
support@sellfire.com,sellfire.com,verified
support@sellthru.me,sellthru.me,verified
support@seltz.ai,seltz.ai,verified
support@semji.com,semji.com,verified
support@sendpulse.com,sendpulse.com,verified
support@sendsquared.com,sendsquared.com,verified
support@senja.io,senja.io,verified
support@sensia.ai,sensia.ai,verified
support@senuto.com,senuto.com,verified
support@seon.io,seon.io,verified
support@seqera.io,seqera.io,verified
support@serpstat.com,serpstat.com,verified
support@serpzilla.com,serpzilla.com,verified
support@serro.ai,serro.ai,verified
support@sessionboard.com,sessionboard.com,verified
support@sevengables.com,sevengables.com,verified
support@seyna.eu,seyna.eu,verified
support@shade.inc,shade.inc,verified
support@shakebugs.com,shakebugs.com,verified
support@shaped.ai,shaped.ai,verified
support@shapes.co,shapes.co,verified
support@sharethis.com,sharethis.com,verified
support@shiftcare.com,shiftcare.com,verified
support@shinkansen.finance,shinkansen.finance,verified
support@shoott.com,shoott.com,verified
support@shoptrade.co,shoptrade.co,verified
support@shortcut.com,shortcut.com,verified
support@shotstack.io,shotstack.io,verified
support@sibermate.com,sibermate.com,verified
support@sidekick.cool,sidekick.cool,verified
support@siena.cx,siena.cx,verified
support@signal-ai.com,signal-ai.com,verified
support@signit.sa,signit.sa,verified
support@silabs.com,silabs.com,verified
support@similar.ai,similar.ai,verified
support@similarweb.com,similarweb.com,verified
support@simplycodes.com,simplycodes.com,verified
support@singular.net,singular.net,verified
support@siteline.ai,siteline.ai,verified
support@sixtyfour.ai,sixtyfour.ai,verified
support@skillground.com,skillground.com,verified
support@skilljar.com,skilljar.com,verified
support@skyfi.com,skyfi.com,verified
support@slashid.com,slashid.com,verified
support@slashpage.com,slashpage.com,verified
support@slateteams.com,slateteams.com,verified
support@sleekplan.com,sleekplan.com,verified
support@slidespeak.co,slidespeak.co,verified
support@slipstreammusic.com,slipstreammusic.com,verified
support@smallstep.com,smallstep.com,verified
support@smarte.pro,smarte.pro,verified
support@smartsupp.com,smartsupp.com,verified
support@smarttalks.ai,smarttalks.ai,verified
support@smarttask.io,smarttask.io,verified
support@smartthings.com,smartthings.com,verified
support@snapsight.com,snapsight.com,verified
support@snowfox.ai,snowfox.ai,verified
support@socialinsider.io,socialinsider.io,verified
support@socialpruf.com,socialpruf.com,verified
support@socialtip.io,socialtip.io,verified
support@socket.dev,socket.dev,verified
support@soclecollections.com,soclecollections.com,verified
support@sodagift.com,sodagift.com,verified
support@sofiapulse.com,sofiapulse.com,verified
support@solidlabs.com,solidlabs.com,verified
support@sonr.global,sonr.global,verified
support@sonraisecurity.com,sonraisecurity.com,verified
support@soon.works,soon.works,verified
support@sopro.io,sopro.io,verified
support@sorellalabs.xyz,sorellalabs.xyz,verified
support@source.ag,source.ag,verified
support@sowork.com,sowork.com,verified
support@spaitial.ai,spaitial.ai,verified
support@sparkloop.app,sparkloop.app,verified
support@sparktoro.com,sparktoro.com,verified
support@speakeasymarketinginc.com,speakeasymarketinginc.com,verified
support@spekit.co,spekit.co,verified
support@sphereinsight.com,sphereinsight.com,verified
support@spinach.ai,spinach.ai,verified
support@spinify.com,spinify.com,verified
support@spoonity.com,spoonity.com,verified
support@spot.ai,spot.ai,verified
support@spotai.co,spotai.co,verified
support@spredo.io,spredo.io,verified
support@sprig.com,sprig.com,verified
support@springbokproperties.co.uk,springbokproperties.co.uk,verified
support@springverify.com,springverify.com,verified
support@sprinto.com,sprinto.com,verified
support@sproutsocial.com,sproutsocial.com,verified
support@spyne.app,spyne.app,verified
support@squareup.com,squareup.com,verified
support@squidler.io,squidler.io,verified
support@stack.ai,stack.ai,verified
support@stackby.com,stackby.com,verified
support@stacklist.com,stacklist.com,verified
support@stafftastic.com,stafftastic.com,verified
support@stan.store,stan.store,verified
support@standardmetrics.io,standardmetrics.io,verified
support@startaiming.com,startaiming.com,verified
support@startdeliver.com,startdeliver.com,verified
support@starzero.ai,starzero.ai,verified
support@stealthmole.com,stealthmole.com,verified
support@stickybeak.co,stickybeak.co,verified
support@stitchflow.io,stitchflow.io,verified
support@stockpilereports.com,stockpilereports.com,verified
support@storeconnect.com,storeconnect.com,verified
support@storeganise.com,storeganise.com,verified
support@storehero.ai,storehero.ai,verified
support@storydoc.com,storydoc.com,verified
support@straddle.com,straddle.com,verified
support@strappmobile.com,strappmobile.com,verified
support@streamkap.com,streamkap.com,verified
support@stripe.com,stripe.com,verified
support@strobes.co,strobes.co,verified
support@structured.app,structured.app,verified
support@studystash.com,studystash.com,verified
support@subframe.com,subframe.com,verified
support@subtotal.com,subtotal.com,verified
support@sumary.com,sumary.com,verified
support@sumble.com,sumble.com,verified
support@summ.com,summ.com,verified
support@sumologic.com,sumologic.com,verified
support@sumup.com,sumup.com,verified
support@sunairio.com,sunairio.com,verified
support@sunlandasphalt.com,sunlandasphalt.com,verified
support@supademo.com,supademo.com,verified
support@supercycle.com,supercycle.com,verified
support@superglue.ai,superglue.ai,verified
support@supergood.ai,supergood.ai,verified
support@superme.ai,superme.ai,verified
support@supermetrics.com,supermetrics.com,verified
support@supernova.ai,supernova.ai,verified
support@superscale.ai,superscale.ai,verified
support@superscale.com,superscale.com,verified
support@supersend.io,supersend.io,verified
support@superside.com,superside.com,verified
support@superwall.com,superwall.com,verified
support@supportlogic.io,supportlogic.io,verified
support@surveyloop.io,surveyloop.io,verified
support@surveymonkey.com,surveymonkey.com,verified
support@svgator.com,svgator.com,verified
support@swaarm.com,swaarm.com,verified
support@sweetanalytics.com,sweetanalytics.com,verified
support@swiggy.com,swiggy.com,verified
support@swoogo.com,swoogo.com,verified
support@syatt.io,syatt.io,verified
support@sybill.ai,sybill.ai,verified
support@sycamore.so,sycamore.so,verified
support@symmetrical.ai,symmetrical.ai,verified
support@sync.so,sync.so,verified
support@syncari.com,syncari.com,verified
support@syncwith.com,syncwith.com,verified
support@synq.io,synq.io,verified
support@t54.ai,t54.ai,verified
support@tableau.com,tableau.com,verified
support@tactiq.io,tactiq.io,verified
support@taggify.net,taggify.net,verified
support@taghub.net,taghub.net,verified
support@taikai.network,taikai.network,verified
support@tailorhq.ai,tailorhq.ai,verified
support@takeprofit.com,takeprofit.com,verified
support@tako.com,tako.com,verified
support@talenesia.com,talenesia.com,verified
support@talentsprout.ai,talentsprout.ai,verified
support@tallyfy.com,tallyfy.com,verified
support@tamarind.bio,tamarind.bio,verified
support@tandom.ai,tandom.ai,verified
support@targetboard.ai,targetboard.ai,verified
support@taskray.com,taskray.com,verified
support@tasman.ai,tasman.ai,verified
support@tax1099.com,tax1099.com,verified
support@taxdone.ch,taxdone.ch,verified
support@taxrise.com,taxrise.com,verified
support@teachfloor.com,teachfloor.com,verified
support@tealhq.com,tealhq.com,verified
support@teamgram.com,teamgram.com,verified
support@techpromarketing.com,techpromarketing.com,verified
support@techstars.com,techstars.com,verified
support@techtree.dev,techtree.dev,verified
support@tekst.com,tekst.com,verified
support@tektonic.ai,tektonic.ai,verified
support@tenderly.co,tenderly.co,verified
support@termgrid.com,termgrid.com,verified
support@terminal49.com,terminal49.com,verified
support@ternary.app,ternary.app,verified
support@testery.io,testery.io,verified
support@texau.com,texau.com,verified
support@text.com,text.com,verified
support@textexpander.com,textexpander.com,verified
support@textmine.com,textmine.com,verified
support@thanks.co,thanks.co,verified
support@theanna.io,theanna.io,verified
support@thebridgecorp.com,thebridgecorp.com,verified
support@thecontext.company,thecontext.company,verified
support@thecoraledge.com,thecoraledge.com,verified
support@thecrmphd.com,thecrmphd.com,verified
support@thefly.com,thefly.com,verified
support@thehog.ai,thehog.ai,verified
support@thenightsky.com,thenightsky.com,verified
support@thetappingsolution.com,thetappingsolution.com,verified
support@thewhitebox.io,thewhitebox.io,verified
support@thisandthat.chat,thisandthat.chat,verified
support@thoughtly.com,thoughtly.com,verified
support@threadedmfg.com,threadedmfg.com,verified
support@thredcloud.com,thredcloud.com,verified
support@thrive.xyz,thrive.xyz,verified
support@thruline.co,thruline.co,verified
support@thrustflight.com,thrustflight.com,verified
support@tickadoo.com,tickadoo.com,verified
support@ticketbox.vn,ticketbox.vn,verified
support@ticktick.com,ticktick.com,verified
support@tiled.co,tiled.co,verified
support@timecamp.com,timecamp.com,verified
support@timechimp.com,timechimp.com,verified
support@timelyschools.com,timelyschools.com,verified
support@timetackle.com,timetackle.com,verified
support@tldv.io,tldv.io,verified
support@togal.ai,togal.ai,verified
support@together.agency,together.agency,verified
support@tokenoftrust.com,tokenoftrust.com,verified
support@tokonoma.ai,tokonoma.ai,verified
support@tolt.com,tolt.com,verified
support@topchretien.com,topchretien.com,verified
support@topshelfdistillers.com,topshelfdistillers.com,verified
support@totemvc.com,totemvc.com,verified
support@trackingplan.com,trackingplan.com,verified
support@trackit.so,trackit.so,verified
support@tradeshift.com,tradeshift.com,verified
support@tradestation.com,tradestation.com,verified
support@tradingeconomics.com,tradingeconomics.com,verified
support@transatel.com,transatel.com,verified
support@transparently.ai,transparently.ai,verified
support@travel-code.com,travel-code.com,verified
support@travelnest.com,travelnest.com,verified
support@treety.co,treety.co,verified
support@trenchsecurity.ai,trenchsecurity.ai,verified
support@trendata.io,trendata.io,verified
support@tribe.ai,tribe.ai,verified
support@trint.com,trint.com,verified
support@tripletex.no,tripletex.no,verified
support@triplewhale.com,triplewhale.com,verified
support@trmlabs.com,trmlabs.com,verified
support@trunk.io,trunk.io,verified
support@trustgrid.io,trustgrid.io,verified
support@trustworks.io,trustworks.io,verified
support@tryhungry.com,tryhungry.com,verified
support@tryprofound.com,tryprofound.com,verified
support@tryscott.ai,tryscott.ai,verified
support@trysmartbite.com,trysmartbite.com,verified
support@tryspecter.com,tryspecter.com,verified
support@trytemelio.com,trytemelio.com,verified
support@tubularlabs.com,tubularlabs.com,verified
support@tuyo.com,tuyo.com,verified
support@twominutereports.com,twominutereports.com,verified
support@twonas.com,twonas.com,verified
support@twoshot.app,twoshot.app,verified
support@typedesk.com,typedesk.com,verified
support@ubi-global.com,ubi-global.com,verified
support@udacity.com,udacity.com,verified
support@unblock.global,unblock.global,verified
support@unbounce.com,unbounce.com,verified
support@uncover.co,uncover.co,verified
support@unduit.com,unduit.com,verified
support@unest.co,unest.co,verified
support@unidoors.eu,unidoors.eu,verified
support@uniqode.com,uniqode.com,verified
support@unknowncyber.com,unknowncyber.com,verified
support@unleash.so,unleash.so,verified
support@unsiloed.ai,unsiloed.ai,verified
support@untappd.com,untappd.com,verified
support@unusualwhales.com,unusualwhales.com,verified
support@upnova.io,upnova.io,verified
support@upsales.com,upsales.com,verified
support@upsolve.ai,upsolve.ai,verified
support@upstox.com,upstox.com,verified
support@uptimerobot.com,uptimerobot.com,verified
support@upwind.io,upwind.io,verified
support@urbancompany.com,urbancompany.com,verified
support@urumi.ai,urumi.ai,verified
support@usbooths.com,usbooths.com,verified
support@useanvil.com,useanvil.com,verified
support@usebear.ai,usebear.ai,verified
support@userback.io,userback.io,verified
support@userguiding.com,userguiding.com,verified
support@vaibstudio.com,vaibstudio.com,verified
support@valenceintel.com,valenceintel.com,verified
support@valid.co,valid.co,verified
support@vallor.ai,vallor.ai,verified
support@valuein.biz,valuein.biz,verified
support@vammo.com,vammo.com,verified
support@vanna.ai,vanna.ai,verified
support@vanta.com,vanta.com,verified
support@varden.se,varden.se,verified
support@variance.com,variance.com,verified
support@vasa.works,vasa.works,verified
support@vector.co,vector.co,verified
support@veeam.com,veeam.com,verified
support@vela.partners,vela.partners,verified
support@velocity-x.co,velocity-x.co,verified
support@verticalresponse.com,verticalresponse.com,verified
support@vessel.co,vessel.co,verified
support@vetster.com,vetster.com,verified
support@veyda.com,veyda.com,verified
support@veylan.com,veylan.com,verified
support@vfp-consulting.com,vfp-consulting.com,verified
support@viasocket.com,viasocket.com,verified
support@vico.io,vico.io,verified
support@vidapp.com,vidapp.com,verified
support@vidiq.com,vidiq.com,verified
support@vidmob.com,vidmob.com,verified
support@vigilatevision.com,vigilatevision.com,verified
support@viomba.com,viomba.com,verified
support@virio.ai,virio.ai,verified
support@visalaw.ai,visalaw.ai,verified
support@visarun.ai,visarun.ai,verified
support@vishwa.ai,vishwa.ai,verified
support@visiblie.com,visiblie.com,verified
support@visitingmedia.com,visitingmedia.com,verified
support@visitly.io,visitly.io,verified
support@vistasocial.com,vistasocial.com,verified
support@voiceflow.com,voiceflow.com,verified
support@voiser.ai,voiser.ai,verified
support@volonte.co,volonte.co,verified
support@volta.ai,volta.ai,verified
support@vori.com,vori.com,verified
support@voromotors.com,voromotors.com,verified
support@vsslagency.com,vsslagency.com,verified
support@wafflepos.com,wafflepos.com,verified
support@waitry.net,waitry.net,verified
support@waldo.fyi,waldo.fyi,verified
support@walead.ai,walead.ai,verified
support@wandify.io,wandify.io,verified
support@warmlyyours.com,warmlyyours.com,verified
support@wasabil.com,wasabil.com,verified
support@waterplan.com,waterplan.com,verified
support@we-wealth.com,we-wealth.com,verified
support@wearegenial.com,wearegenial.com,verified
support@webflow.com,webflow.com,verified
support@wecover.co,wecover.co,verified
support@weglot.com,weglot.com,verified
support@weni.ai,weni.ai,verified
support@wheeltheworld.com,wheeltheworld.com,verified
support@whimsical.com,whimsical.com,verified
support@whisper.security,whisper.security,verified
support@whistic.com,whistic.com,verified
support@whitebridge.ai,whitebridge.ai,verified
support@wholesome.co,wholesome.co,verified
support@whop.com,whop.com,verified
support@windsor.ai,windsor.ai,verified
support@wisepops.com,wisepops.com,verified
support@withforerunner.com,withforerunner.com,verified
support@withjuly.com,withjuly.com,verified
support@withlanai.com,withlanai.com,verified
support@withvayu.com,withvayu.com,verified
support@wiv.ai,wiv.ai,verified
support@wodify.com,wodify.com,verified
support@wokelo.ai,wokelo.ai,verified
support@wonderway.io,wonderway.io,verified
support@wope.com,wope.com,verified
support@wordlift.io,wordlift.io,verified
support@workmagic.io,workmagic.io,verified
support@workos.com,workos.com,verified
support@workpath.com,workpath.com,verified
support@worldbox.net,worldbox.net,verified
support@writesonic.com,writesonic.com,verified
support@wubble.ai,wubble.ai,verified
support@xano.com,xano.com,verified
support@xp.tickets,xp.tickets,verified
support@xp.xyz,xp.xyz,verified
support@xpoz.ai,xpoz.ai,verified
support@xyt.one,xyt.one,verified
support@ycharts.com,ycharts.com,verified
support@yespo.io,yespo.io,verified
support@yinzcam.com,yinzcam.com,verified
support@yoco.com,yoco.com,verified
support@yonderhq.com,yonderhq.com,verified
support@yourcounterpart.com,yourcounterpart.com,verified
support@yummysuperapp.com,yummysuperapp.com,verified
support@zapal.tech,zapal.tech,verified
support@zapper.xyz,zapper.xyz,verified
support@zaprinta.com,zaprinta.com,verified
support@zapsign.com.br,zapsign.com.br,verified
support@zaslat.cz,zaslat.cz,verified
support@zed.co,zed.co,verified
support@zefram.com,zefram.com,verified
support@zeliq.com,zeliq.com,verified
support@zenrows.com,zenrows.com,verified
support@zesty.ai,zesty.ai,verified
support@zestyfinance.com,zestyfinance.com,verified
support@zigpoll.com,zigpoll.com,verified
support@zime.ai,zime.ai,verified
support@zite.com,zite.com,verified
support@zocks.io,zocks.io,verified
support@zoominfo.com,zoominfo.com,verified
support@zoviz.com,zoviz.com,verified
support@ztex.co,ztex.co,verified
support@zuma.ca,zuma.ca,verified
